puzzle_id,source,size,same_size,locked,n_right,n_wrong,right_sources,wrong_sources,consensus_name,solver_file,phase3_pairs
00576224,arc1_eval,2x2,n,,0,0,,,,,0
007bbfb7,arc1_train,3x3,n,,0,0,,,,,0
009d5c81,arc1_eval,14x14,y,,0,0,,,,,0
00d62c1b,arc1_train,6x6,y,,0,0,,,,,0
00dbd492,arc1_eval,7x7,y,,1,0,claude_agent_batch_002_v2_full_puzzle:1,,,,0
017c7c7b,arc1_train,6x3,n,,0,0,,,,,0
025d127b,arc1_train,14x9,y,,1,0,claude_agent_batch_008_v2_direct_write:1,,,,0
03560426,arc1_eval,10x10,y,,1,0,claude_agent_batch_016_v2_direct_write:1,,,,0
045e512c,arc1_train,21x21,y,,0,0,,,,,0
0520fde7,arc1_train,3x7,n,,0,0,,,,,0
05269061,arc1_train,7x7,y,,0,0,,,,,0
05a7bcf2,arc1_eval,30x30,y,,1,0,claude_agent_batch_007_v2_direct_write:1,,,,0
05f2a901,arc1_train,14x9,y,,0,0,,,,,0
0607ce86,arc1_eval,23x22,y,,1,0,claude_agent_batch_002_v2_full_puzzle:1,,,,0
0692e18c,arc1_eval,3x3,n,,0,0,,,,,0
06df4c85,arc1_train,20x20,y,,1,0,claude_agent_batch_009_v2_direct_write:1,,,,0
070dd51e,arc1_eval,30x20,y,,0,0,,,,,0
08573cc6,arc1_eval,11x11,y,,1,0,claude_agent_batch_031_v2_direct_write:1,,,,0
08ed6ac7,arc1_train,9x9,y,,1,0,claude_agent_batch_025_v2_direct_write:1,,,,0
0934a4d8,arc1_eval,30x30,n,,0,0,,,,,0
09629e4f,arc1_train,11x11,y,,1,0,claude_agent_batch_023_v2_direct_write:1,,,,0
0962bcdd,arc1_train,12x12,y,,0,0,,,,,0
09c534e7,arc1_eval,30x30,y,,1,0,claude_agent_batch_012_v2_direct_write:1,,,,0
0a1d4ef5,arc1_eval,30x30,n,,0,0,,,,,0
0a2355a6,arc1_eval,9x11,y,,1,0,claude_agent_batch_015_v2_direct_write:1,,,,0
0a938d79,arc1_train,10x25,y,,0,0,,,,,0
0b148d64,arc1_train,21x21,n,,0,0,,,,,0
0b17323b,arc1_eval,15x15,y,,1,0,claude_agent_batch_007_v2_direct_write:1,,,,0
0bb8deee,arc1_eval,12x13,n,,0,0,,,,,0
0becf7df,arc1_eval,10x10,y,,0,0,,,,,0
0c786b71,arc1_eval,3x4,n,,0,0,,,,,0
0c9aba6e,arc1_eval,13x4,n,,0,0,,,,,0
0ca9ddb6,arc1_train,9x9,y,,1,0,claude_agent_batch_010_v2_direct_write:1,,,,0
0d3d703e,arc1_train,3x3,y,,1,0,claude_agent_batch_002_v2_full_puzzle:1,,,,0
0d87d2a6,arc1_eval,20x20,y,,1,0,claude_agent_batch_007_v2_direct_write:1,,,,0
0dfd9992,arc1_train,21x21,y,,1,0,claude_agent_batch_022_v2_direct_write:1,,,,0
0e206a2e,arc1_train,14x18,y,,0,0,,,,,0
0e671a1a,arc1_eval,13x13,y,,1,0,claude_agent_batch_002_v2_full_puzzle:1,,,,0
0f63c0b9,arc1_eval,15x15,y,,1,10,claude_agent_R1_v2_full_puzzle:1,qwen-2.5-7b-instruct:10,partition_rows_by_markers_into_bordered_bands,partition_rows_by_markers_into_bordered_bands.py,10
103eff5b,arc1_eval,24x13,y,,0,0,,,,,0
10fcaaa3,arc1_train,2x4,n,,0,0,,,,,0
11852cab,arc1_train,10x10,y,,1,0,claude_agent_batch_015_v2_direct_write:1,,,,0
1190bc91,arc2_train,10x10,y,,1,0,claude_agent_batch_002_v2_direct_write:1,,,,0
1190e5a7,arc1_train,15x15,n,,0,0,,,,,0
11dc524f,arc2_train,13x13,y,,0,0,,,,,0
11e1fe23,arc1_eval,10x12,y,,1,0,claude_agent_batch_002_v2_direct_write:1,,,,0
12422b43,arc1_eval,5x5,y,,1,0,claude_agent_batch_032_v2_direct_write:1,,,,0
12997ef3,arc1_eval,11x14,n,,0,0,,,,,0
12eac192,arc1_eval,7x8,y,,0,0,,,,,0
135a2760,arc2_eval,5x13,y,y,0,0,,,,periodic_motif_repair.py,0
136b0064,arc1_eval,7x15,n,,0,0,,,,,0
13713586,arc1_eval,16x15,y,,1,0,claude_agent_batch_030_v2_direct_write:1,,,,0
137eaa0f,arc1_train,11x11,n,,0,0,,,,,0
137f0df0,arc1_eval,10x10,y,,0,0,,,,,0
13e47133,arc2_eval,20x20,y,y,0,0,,,,chebyshev_room_erosion_fill.py,0
13f06aa5,arc2_train,12x14,y,,1,0,claude_agent_batch_034_v2_direct_write:1,,,,0
140c817e,arc1_eval,13x13,y,,1,0,claude_agent_batch_034_v2_direct_write:1,,,,0
142ca369,arc2_eval,20x20,y,y,0,0,,,,,0
14754a24,arc1_eval,18x19,y,,1,0,claude_agent_batch_019_v2_direct_write:1,,,,0
1478ab18,arc2_train,8x8,y,,0,0,,,,,0
14b8e18c,arc2_train,10x10,y,,1,0,claude_agent_batch_025_v2_direct_write:1,,,,0
150deff5,arc1_train,9x11,y,,0,0,,,,,0
15113be4,arc1_eval,23x23,y,,1,0,claude_agent_batch_032_v2_direct_write:1,,,,0
15660dd6,arc2_train,19x19,n,,0,0,,,,,0
15663ba9,arc1_eval,13x13,y,,0,0,,,,,0
15696249,arc1_eval,3x3,n,,0,0,,,,,0
16b78196,arc1_eval,30x30,y,,1,0,claude_agent_batch_010_v2_direct_write:1,,,,0
16de56c4,arc2_eval,12x9,y,y,0,0,,,,,0
17829a00,arc2_train,16x16,y,,1,0,claude_agent_batch_031_v2_direct_write:1,,,,0
178fcbfb,arc1_train,9x9,y,,1,0,claude_agent_batch_010_v2_direct_write:1,,,,0
17b80ad2,arc1_eval,17x17,y,,1,0,claude_agent_batch_030_v2_direct_write:1,,,,0
17b866bd,arc2_train,16x21,y,,0,0,,,,,0
17cae0c1,arc1_eval,3x9,y,,0,0,,,,,0
1818057f,arc2_eval,10x12,y,y,0,0,,,,,0
18286ef8,arc2_train,12x12,y,,0,0,,,,,0
182e5d0f,arc2_train,12x12,y,,0,0,,,,,0
18419cfa,arc1_eval,16x22,y,,1,0,claude_agent_R1:1,,mirror_markers_across_box_gap,mirror_markers_across_box_gap.py,0
18447a8d,arc2_train,13x11,y,,1,0,claude_agent_batch_015_v2_direct_write:1,,,,0
184a9768,arc1_eval,21x23,y,,0,0,,,,,0
195ba7dc,arc1_eval,5x13,n,,0,0,,,,,0
195c6913,arc2_eval,20x20,y,y,0,0,,,,,0
1990f7a8,arc1_eval,23x23,n,,0,0,,,,,0
19bb5feb,arc1_eval,13x15,n,,0,0,,,,,0
1a07d186,arc1_train,18x19,y,,0,0,,,,,0
1a244afd,arc2_train,16x16,y,,1,0,claude_agent_batch_004_v2_direct_write:1,,,,0
1a2e2828,arc1_eval,8x12,n,,0,0,,,,,0
1a6449f1,arc1_eval,19x13,n,,0,0,,,,,0
1acc24af,arc1_eval,12x12,y,,0,0,,,,,0
1ae2feb7,arc2_eval,11x16,y,y,0,0,,,,,0
1b2d62fb,arc1_train,5x7,n,,0,0,,,,,0
1b59e163,arc2_train,18x18,y,,0,0,,,,,0
1b60fb0c,arc1_train,10x10,y,,1,0,claude_agent_batch_027_v2_direct_write:1,,,,0
1b8318e3,arc2_train,15x15,y,,0,0,,,,,0
1be83260,arc2_train,27x15,n,,0,0,,,,,0
1bfc4729,arc1_train,10x10,y,,0,0,,,,,0
1c02dbbe,arc1_eval,15x15,y,,0,0,,,,,0
1c0d0a4b,arc1_eval,5x13,y,,1,0,claude_agent_batch_027_v2_direct_write:1,,,,0
1c56ad9f,arc1_eval,13x14,y,,0,0,,,,,0
1c786137,arc1_train,23x21,n,,0,0,,,,,0
1caeab9d,arc1_train,5x10,y,,1,0,claude_agent_batch_002_v2_full_puzzle:1,,,,0
1cf80156,arc1_train,10x12,n,,0,0,,,,,0
1d0a4b61,arc1_eval,25x25,y,,1,0,claude_agent_batch_023_v2_direct_write:1,,,,0
1d398264,arc1_eval,15x15,y,,0,0,,,,,0
1d61978c,arc2_train,16x16,y,,1,0,claude_agent_batch_029_v2_direct_write:1,,,,0
1da012fc,arc1_eval,19x22,y,,1,0,claude_agent_batch_035_v2_direct_write:1,,,,0
1e0a9b12,arc1_train,4x4,y,,1,0,claude_agent_batch_034_v2_direct_write:1,,,,0
1e32b0e9,arc1_train,17x17,y,,0,0,,,,,0
1e5d6875,arc2_train,8x8,y,,0,0,,,,,0
1e81d6f9,arc1_eval,15x15,y,,1,0,claude_agent_batch_032_v2_direct_write:1,,,,0
1e97544e,arc1_eval,23x23,y,,1,0,claude_agent_batch_015_v2_direct_write:1,,,,0
1efba499,arc2_train,12x12,y,,1,0,claude_agent_batch_029_v2_direct_write:1,,,,0
1f0c79e5,arc1_train,9x9,y,,0,0,,,,,0
1f642eb9,arc1_train,10x10,y,,0,0,,,,,0
1f85a75f,arc1_train,30x30,n,,0,0,,,,,0
1f876c06,arc1_train,10x10,y,,1,0,claude_agent_R1:1,,connect_color_pairs_with_diagonals,connect_color_pairs_with_diagonals.py,0
1fad071e,arc1_train,9x9,n,,0,0,,,,,0
2013d3e2,arc1_train,10x10,n,,0,0,,,,,0
20270e3b,arc2_eval,7x13,n,y,0,0,,,,,0
2037f2c7,arc1_eval,23x25,n,,0,0,,,,,0
2072aba6,arc1_eval,3x3,n,,0,0,,,,,0
20818e16,arc1_eval,14x15,n,,0,0,,,,,0
20981f0e,arc1_eval,13x19,y,,0,0,,,,,0
20a9e565,arc2_eval,30x30,n,y,0,0,,,,,0
20fb2937,arc2_train,20x11,n,,0,0,,,,,0
212895b5,arc1_eval,20x20,y,,0,0,,,,,0
21897d95,arc2_eval,16x12,n,y,0,0,,,,,0
21f83797,arc1_eval,13x13,y,,0,0,,,,,0
2204b7a8,arc1_train,10x10,y,,0,0,,,,,0
22168020,arc1_train,10x10,y,,0,0,,,,,0
221dfab4,arc2_eval,29x22,y,y,0,0,,,,,0
22208ba4,arc2_train,16x16,y,,0,0,,,,,0
22233c11,arc1_train,10x10,y,,1,0,claude_agent_batch_019_v2_direct_write:1,,,,0
22425bda,arc2_train,7x7,n,,0,0,,,,,0
22806e14,arc2_train,16x16,y,,1,0,claude_agent_batch_018_v2_direct_write:1,,,,0
2281f1f4,arc1_train,10x10,y,,0,0,,,,,0
228f6490,arc1_train,10x10,y,,1,0,claude_agent_batch_022_v2_direct_write:1,,,,0
22a4bbc2,arc1_eval,15x3,y,,1,0,claude_agent_batch_006_v2_direct_write:1,,,,0
22eb0ac0,arc1_train,10x10,y,,0,0,,,,,0
230f2e48,arc2_train,10x10,y,,0,0,,,,,0
234bbc79,arc1_train,3x9,n,,0,0,,,,,0
23581191,arc1_train,9x9,y,,1,10,claude_agent_R1_v2_full_puzzle:1,qwen-2.5-7b-instruct:10,draw_crosses_with_intersection_markers,draw_crosses_with_intersection_markers.py,10
239be575,arc1_train,5x5,n,,0,0,,,,,0
23b5c85d,arc1_train,10x10,n,,0,0,,,,,0
247ef758,arc2_eval,12x18,y,y,0,0,,,,,0
25094a63,arc1_eval,30x30,y,,1,0,claude_agent_batch_013_v2_direct_write:1,,,,0
252143c9,arc2_train,11x11,y,,1,0,claude_agent_batch_032_v2_direct_write:1,,,,0
253bf280,arc1_train,7x13,y,,1,0,claude_agent_batch_006_v2_direct_write:1,,,,0
2546ccf6,arc1_eval,17x19,y,,1,0,claude_agent_batch_028_v2_direct_write:1,,,,0
256b0a75,arc1_eval,23x21,y,,1,0,claude_agent_batch_014_v2_direct_write:1,,,,0
25c199f5,arc2_train,5x17,n,,0,0,,,,,0
25d487eb,arc1_train,10x15,y,,0,0,,,,,0
25d8a9c8,arc1_train,3x3,y,,1,0,claude_agent_batch_002_v2_full_puzzle:1,,,,0
25e02866,arc2_train,14x14,n,,0,0,,,,,0
25ff71a9,arc1_train,3x3,y,,1,0,claude_agent_batch_009_v2_direct_write:1,,,,0
2601afb7,arc2_train,9x9,y,,1,0,claude_agent_R1:1,,rotate_bar_colors_and_lengths,rotate_bar_colors_and_lengths.py,0
264363fd,arc1_train,30x30,y,,0,0,,,,,0
2685904e,arc1_eval,10x10,y,,0,0,,,,,0
2697da3f,arc1_eval,9x7,n,,0,0,,,,,0
269e22fb,arc2_eval,8x10,n,y,0,0,,,,,0
271d71e2,arc2_eval,8x8,y,y,0,0,,,,,0
272f95fa,arc1_train,18x19,y,,0,0,,,,,0
2753e76c,arc1_eval,16x16,n,,0,0,,,,,0
278e5215,arc2_train,15x10,n,,0,0,,,,,0
27a28665,arc1_train,3x3,n,,0,0,,,,,0
27a77e38,arc1_eval,3x3,y,,1,0,claude_agent_batch_031_v2_direct_write:1,,,,0
27f8ce4f,arc1_eval,3x3,n,,0,0,,,,,0
281123b4,arc1_eval,4x19,n,,0,0,,,,,0
28a6681f,arc2_eval,10x10,y,y,0,0,,,,,0
28bf18c6,arc1_train,8x8,n,,0,0,,,,,0
28e73c20,arc1_train,6x6,y,,1,0,claude_agent_batch_002_v2_full_puzzle:1,,,,0
291dc1e1,arc2_eval,20x8,n,y,0,0,,,,,0
292dd178,arc1_eval,11x10,y,,1,10,claude_agent_R1_v2_full_puzzle:1,qwen-2.5-7b-instruct:10,fill_boxes_and_leak_through_gap,fill_boxes_and_leak_through_gap.py,10
29623171,arc1_train,11x11,y,,1,0,claude_agent_batch_022_v2_direct_write:1,,,,0
29700607,arc1_eval,15x15,y,,1,0,claude_agent_batch_002_v2_full_puzzle:1,,,,0
29c11459,arc1_train,5x11,y,,1,0,claude_agent_batch_026_v2_direct_write:1,,,,0
29ec7d0e,arc1_train,18x18,y,,0,0,,,,,0
2a28add5,arc2_train,10x10,y,,0,0,,,,,0
2a5f8217,arc1_eval,6x6,y,,0,0,,,,,0
2b01abd0,arc1_eval,12x9,y,,1,0,claude_agent_batch_028_v2_direct_write:1,,,,0
2b83f449,arc2_eval,13x19,y,y,0,0,,,,,0
2b9ef948,arc2_train,15x20,y,,1,0,claude_agent_batch_020_v2_direct_write:1,,,,0
2ba387bc,arc2_eval,23x24,n,y,0,0,,,,,0
2bcee788,arc1_train,10x10,y,,1,0,claude_agent_batch_028_v2_direct_write:1,,,,0
2bee17df,arc1_train,12x12,y,,0,0,,,,,0
2c0b0aff,arc1_eval,23x23,n,,0,0,,,,,0
2c181942,arc2_eval,23x20,y,y,0,0,,,,,0
2c608aff,arc1_train,9x12,y,,1,10,claude_agent_R1_v2_full_puzzle:1,qwen-2.5-7b-instruct:10,extend_scatter_pixels_to_rectangle,extend_scatter_pixels_to_rectangle.py,10
2c737e39,arc1_eval,12x10,y,,0,0,,,,,0
2ccd9fef,arc2_train,24x11,n,,0,0,,,,,0
2d0172a1,arc2_eval,20x25,n,y,0,0,,,,,0
2dc579da,arc1_train,5x5,n,,0,0,,,,,0
2dd70a9a,arc1_train,20x20,y,,0,0,,,,,0
2de01db2,arc2_train,3x10,y,,0,0,,,,,0
2dee498d,arc1_train,3x9,n,,0,0,,,,,0
2e65ae53,arc2_train,22x22,y,,0,0,,,,,0
2f0c5170,arc1_eval,20x23,n,,0,0,,,,,0
2f767503,arc2_train,10x10,y,,0,0,,,,,0
2faf500b,arc2_train,12x12,y,,1,0,claude_agent_batch_011_v2_direct_write:1,,,,0
305b1341,arc2_train,20x20,y,,1,0,claude_agent_batch_021_v2_direct_write:1,,,,0
30f42897,arc2_train,7x10,y,,1,0,claude_agent_batch_002_v2_direct_write:1,,,,0
310f3251,arc1_eval,2x2,n,,0,0,,,,,0
3194b014,arc1_eval,20x20,n,,0,0,,,,,0
319f2597,arc1_eval,20x20,y,,1,0,claude_agent_batch_007_v2_direct_write:1,,,,0
31aa019c,arc1_train,10x10,y,,1,0,claude_agent_batch_017_v2_direct_write:1,,,,0
31adaf00,arc1_eval,10x10,y,,1,0,claude_agent_batch_003_v2_direct_write:1,,,,0
31d5ba1a,arc1_eval,6x5,n,,0,0,,,,,0
31f7f899,arc2_eval,13x13,y,y,0,0,,,,,0
320afe60,arc2_train,22x22,y,,0,0,,,,,0
321b1fc6,arc1_train,10x10,y,,0,0,,,,,0
32597951,arc1_train,17x17,y,,0,0,,,,,0
32e9702f,arc1_eval,3x3,y,,1,0,claude_agent_batch_018_v2_direct_write:1,,,,0
33067df9,arc2_train,9x5,n,,0,0,,,,,0
332202d5,arc2_train,16x16,y,,0,0,,,,,0
332efdb3,arc1_eval,7x7,y,,1,0,claude_agent_batch_031_v2_direct_write:1,,,,0
332f06d7,arc2_eval,12x12,y,y,0,0,,,,,0
3345333e,arc1_train,16x16,y,,1,0,claude_agent_batch_008_v2_direct_write:1,,,,0
337b420f,arc2_train,5x17,n,,0,0,,,,,0
3391f8c0,arc1_eval,9x17,y,,1,0,claude_agent_batch_031_v2_direct_write:1,,,,0
33b52de3,arc1_eval,23x23,y,,1,0,claude_agent_batch_024_v2_direct_write:1,,,,0
3428a4f5,arc1_train,13x5,n,,0,0,,,,,0
342ae2ed,arc2_train,16x16,y,,1,0,claude_agent_batch_024_v2_direct_write:1,,,,0
342dd610,arc2_train,10x10,y,,1,0,claude_agent_batch_006_v2_direct_write:1,,,,0
3490cc26,arc1_eval,26x18,y,,0,0,,,,,0
34b99a2b,arc1_eval,5x9,n,,0,0,,,,,0
34cfa167,arc2_train,24x26,y,,0,0,,,,,0
351d6448,arc1_eval,15x13,n,,0,0,,,,,0
358ba94e,arc1_eval,14x18,n,,0,0,,,,,0
35ab12c3,arc2_eval,20x20,y,y,0,0,,,,,0
3618c87e,arc1_train,5x5,y,,1,0,claude_agent_batch_002_v2_full_puzzle:1,,,,0
3631a71a,arc1_train,30x30,y,,1,0,claude_agent_batch_006_v2_direct_write:1,,,,0
363442ee,arc1_train,9x13,y,,1,0,claude_agent_batch_022_v2_direct_write:1,,,,0
36a08778,arc2_eval,14x14,y,y,0,0,,,,,0
36d67576,arc1_train,13x13,y,,1,0,claude_agent_batch_018_v2_direct_write:1,,,,0
36fdfd69,arc1_train,17x18,y,,1,10,claude_agent_R1_v2_full_puzzle:1,qwen-2.5-7b-instruct:10,recolor_foreground_in_two_clusters,recolor_foreground_in_two_clusters.py,10
37ce87bb,arc2_train,6x7,y,,1,0,claude_agent_batch_014_v2_direct_write:1,,,,0
37d3e8b2,arc1_eval,19x17,y,,0,0,,,,,0
38007db0,arc2_eval,19x19,n,y,0,0,,,,,0
3906de3d,arc1_train,10x10,y,,0,0,,,,,0
396d80d7,arc2_train,16x16,y,,0,0,,,,,0
3979b1a8,arc1_eval,5x5,n,,0,0,,,,,0
39a8645d,arc1_train,14x14,n,,0,0,,,,,0
39e1d7f9,arc1_train,24x24,y,,1,0,claude_agent_batch_019_v2_direct_write:1,,,,0
3a25b0d8,arc2_eval,22x22,n,y,0,0,,,,,0
3a301edc,arc1_eval,13x19,y,,1,0,claude_agent_batch_007_v2_direct_write:1,,,,0
3aa6fb7a,arc1_train,7x7,y,,1,0,claude_agent_batch_032_v2_direct_write:1,,,,0
3ac3eb23,arc1_train,6x10,y,,1,0,claude_agent_batch_024_v2_direct_write:1,,,,0
3ad05f52,arc2_train,22x26,y,,0,0,,,,,0
3af2c5a8,arc1_train,3x4,n,,0,0,,,,,0
3b4c2228,arc1_eval,7x7,n,,0,0,,,,,0
3bd292e8,arc2_train,7x7,y,,0,0,,,,,0
3bd67248,arc1_train,15x15,y,,0,0,,,,,0
3bdb4ada,arc1_train,8x30,y,,0,0,,,,,0
3befdf3e,arc1_train,10x10,y,,0,0,,,,,0
3c9b0459,arc1_train,3x3,y,,1,0,claude_agent_batch_024_v2_direct_write:1,,,,0
3cd86f4f,arc2_train,4x9,n,,0,0,,,,,0
3d31c5b3,arc1_eval,12x6,n,,0,0,,,,,0
3d588dc9,arc2_train,16x16,y,,1,0,claude_agent_batch_016_v2_direct_write:1,,,,0
3d6c6e23,arc2_train,16x13,y,,1,0,claude_agent_batch_028_v2_direct_write:1,,,,0
3dc255db,arc2_eval,12x12,y,y,0,0,,,,,0
3de23699,arc1_train,7x7,n,,0,0,,,,,0
3e6067c3,arc2_eval,20x20,y,y,0,0,,,,,0
3e980e27,arc1_train,13x13,y,,2,2,"gemini:1,gpt_after_claude_failed:1","claude_agent_R1:1,grok:1",stamp_template_on_anchor_singletons,stamp_template_on_anchor_singletons.py,4
3ed85e70,arc1_eval,30x30,y,,0,0,,,,,0
3eda0437,arc1_train,3x30,y,,0,0,,,,,0
3ee1011a,arc1_eval,23x29,n,,0,0,,,,,0
3f23242b,arc1_eval,16x16,y,,1,0,claude_agent_batch_021_v2_direct_write:1,,,,0
3f7978a0,arc1_train,9x9,n,,0,0,,,,,0
40853293,arc1_train,30x20,y,,0,0,,,,,0
4093f84a,arc1_train,14x14,y,,1,0,claude_agent_batch_003_v2_direct_write:1,,,,0
409aa875,arc2_eval,16x16,y,y,0,0,,,,,0
40f6cd08,arc1_eval,27x30,y,,0,0,,,,,0
412b6263,arc2_train,9x6,n,,0,0,,,,,0
414297c0,arc1_eval,18x22,n,,0,0,,,,,0
41ace6b5,arc2_train,11x11,y,,0,0,,,,,0
41e4d17e,arc1_train,15x15,y,,0,0,,,,,0
423a55dc,arc1_eval,10x11,y,,1,0,claude_agent_batch_018_v2_direct_write:1,,,,0
4258a5f9,arc1_train,9x9,y,,1,0,claude_agent_batch_005_v2_direct_write:1,,,,0
4290ef0e,arc1_train,13x17,n,,0,0,,,,,0
42918530,arc1_eval,13x19,y,,1,0,claude_agent_batch_013_v2_direct_write:1,,,,0
42a15761,arc1_eval,7x11,y,,1,0,claude_agent_batch_009_v2_direct_write:1,,,,0
42a50994,arc1_train,16x11,y,,1,0,claude_agent_batch_027_v2_direct_write:1,,,,0
42f14c03,arc2_train,16x16,n,,0,0,,,,,0
42f83767,arc2_train,15x20,n,,0,0,,,,,0
4347f46a,arc1_train,18x16,y,,1,0,claude_agent_batch_035_v2_direct_write:1,,,,0
4364c1c4,arc1_eval,16x12,y,,1,0,claude_agent_batch_026_v2_direct_write:1,,,,0
444801d8,arc1_train,10x10,y,,0,0,,,,,0
445eab21,arc1_train,10x10,n,,0,0,,,,,0
446ef5d2,arc2_eval,12x20,y,y,0,0,,,,,0
447fd412,arc1_train,14x12,y,,1,0,claude_agent_batch_024_v2_direct_write:1,,,,0
44d8ac46,arc1_train,12x12,y,,1,0,claude_agent_batch_026_v2_direct_write:1,,,,0
44f52bb0,arc1_train,3x3,n,,0,0,,,,,0
4522001f,arc1_train,3x3,n,,0,0,,,,,0
456873bc,arc1_eval,19x19,y,,1,0,claude_agent_batch_025_v2_direct_write:1,,,,0
45737921,arc1_eval,13x10,y,,0,0,,,,,0
458e3a53,arc2_train,29x29,n,,0,0,,,,,0
45a5af55,arc2_eval,14x14,n,y,0,0,,,,,0
45bbe264,arc1_eval,16x16,y,,0,0,,,,,0
4612dd53,arc1_train,9x13,y,,1,0,claude_agent_batch_033_v2_direct_write:1,,,,0
46442a0e,arc1_train,2x2,n,,0,0,,,,,0
465b7d93,arc2_train,10x10,y,,0,0,,,,,0
469497ad,arc1_train,5x5,n,,0,0,,,,,0
46c35fc7,arc2_train,7x7,y,,1,0,claude_agent_batch_012_v2_direct_write:1,,,,0
46f33fce,arc1_train,10x10,n,,0,0,,,,,0
470c91de,arc2_train,10x10,y,,1,0,claude_agent_batch_022_v2_direct_write:1,,,,0
477d2879,arc1_eval,13x13,y,,0,0,,,,,0
47996f11,arc1_eval,30x30,y,,0,0,,,,,0
47c1f68c,arc1_train,11x11,n,,0,0,,,,,0
48131b3c,arc1_eval,3x3,n,,0,0,,,,,0
484b58aa,arc1_train,29x29,y,,0,0,,,,,0
4852f2fa,arc1_eval,9x9,n,,0,0,,,,,0
48634b99,arc2_train,16x16,y,,0,0,,,,,0
48d8fb45,arc1_train,10x10,n,,0,0,,,,,0
48f8583b,arc1_eval,3x3,n,,0,0,,,,,0
4938f0c2,arc1_train,20x30,y,,1,0,claude_agent_batch_013_v2_direct_write:1,,,,0
494ef9d7,arc2_train,10x10,y,,0,0,,,,,0
496994bd,arc1_train,10x3,y,,1,0,claude_agent_batch_005_v2_direct_write:1,,,,0
49d1d64f,arc1_train,2x2,n,,0,0,,,,,0
4a1cacc2,arc2_train,6x8,y,,1,0,claude_agent_batch_020_v2_direct_write:1,,,,0
4a21e3da,arc2_eval,18x18,y,y,0,0,,,,,0
4aab4007,arc1_eval,28x28,y,,1,0,claude_agent_batch_002_v2_direct_write:1,,,,0
4acc7107,arc1_eval,10x10,y,,1,0,claude_agent_batch_003_v2_direct_write:1,,,,0
4b6b68e5,arc1_eval,21x21,y,,0,0,,,,,0
4be741c5,arc1_train,14x16,n,,0,0,,,,,0
4c177718,arc1_eval,15x15,n,,0,0,,,,,0
4c3d4a41,arc2_eval,8x20,y,y,0,0,,,,,0
4c416de3,arc2_eval,21x21,y,y,0,0,,,,,0
4c4377d9,arc1_train,3x4,n,,0,0,,,,,0
4c5c2cf0,arc1_train,14x14,y,,1,0,claude_agent_batch_007_v2_direct_write:1,,,,0
4c7dc4dd,arc2_eval,30x30,n,y,0,0,,,,,0
4cd1b7b2,arc1_eval,4x4,y,,1,0,claude_agent_batch_016_v2_direct_write:1,,,,0
4df5b0ae,arc2_train,10x10,y,,1,0,claude_agent_batch_015_v2_direct_write:1,,,,0
4e34c42c,arc2_eval,23x25,n,y,0,0,,,,,0
4e45f183,arc1_eval,19x19,y,,1,0,claude_agent_batch_008_v2_direct_write:1,,,,0
4e469f39,arc1_eval,10x10,y,,0,0,,,,,0
4e7e0eb9,arc2_train,9x9,y,,0,0,,,,,0
4f537728,arc1_eval,20x20,y,,1,0,claude_agent_batch_010_v2_direct_write:1,,,,0
4ff4c9da,arc1_eval,21x21,y,,1,0,claude_agent_batch_033_v2_direct_write:1,,,,0
5034a0b5,arc2_train,12x12,y,,1,0,claude_agent_batch_030_v2_direct_write:1,,,,0
505fff84,arc1_eval,14x11,n,,0,0,,,,,0
506d28a5,arc1_eval,9x5,n,,0,0,,,,,0
50846271,arc1_train,20x22,y,,0,0,,,,,0
508bd3b6,arc1_train,12x12,y,,1,0,claude_agent_batch_005_v2_direct_write:1,,,,0
50a16a69,arc1_eval,8x8,y,,1,0,claude_agent_batch_017_v2_direct_write:1,,,,0
50aad11f,arc1_eval,12x9,n,,0,0,,,,,0
50c07299,arc2_train,16x16,y,,1,0,claude_agent_batch_028_v2_direct_write:1,,,,0
50cb2852,arc1_train,13x15,y,,0,0,,,,,0
50f325b5,arc1_eval,11x18,y,,0,0,,,,,0
5117e062,arc1_train,13x13,n,,0,0,,,,,0
5168d44c,arc1_train,7x13,y,,0,0,,,,,0
516b51b7,arc1_eval,12x11,y,,1,0,claude_agent_batch_015_v2_direct_write:1,,,,0
5207a7b5,arc1_eval,14x7,y,,0,0,,,,,0
522fdd07,arc2_train,16x16,y,,1,0,claude_agent_batch_025_v2_direct_write:1,,,,0
52364a65,arc2_train,11x11,y,,1,0,claude_agent_batch_017_v2_direct_write:1,,,,0
5289ad53,arc1_eval,10x19,n,,0,0,,,,,0
52df9849,arc2_train,16x16,y,,1,0,claude_agent_batch_021_v2_direct_write:1,,,,0
52fd389e,arc1_eval,25x25,y,,1,0,claude_agent_batch_002_v2_direct_write:1,,,,0
538b439f,arc2_train,20x20,y,,0,0,,,,,0
539a4f51,arc1_train,5x5,n,,0,0,,,,,0
53b68214,arc1_train,6x10,n,,0,0,,,,,0
53fb4810,arc2_eval,24x14,y,y,0,0,,,,,0
543a7ed5,arc1_train,15x15,y,,1,0,claude_agent_batch_004_v2_direct_write:1,,,,0
54d82841,arc1_train,8x8,y,,0,0,,,,,0
54d9e175,arc1_train,3x11,y,,0,0,,,,,0
54db823b,arc1_eval,15x15,y,,1,0,claude_agent_batch_032_v2_direct_write:1,,,,0
54dc2872,arc2_train,12x13,y,,0,0,,,,,0
55059096,arc1_eval,14x10,y,,1,0,claude_agent_batch_002_v2_full_puzzle:1,,,,0
551d5bf1,arc1_eval,24x28,y,,0,0,,,,,0
5521c0d9,arc1_train,15x15,y,,0,0,,,,,0
5545f144,arc2_eval,10x26,n,y,0,0,,,,,0
55783887,arc1_eval,9x9,y,,1,0,claude_agent_batch_002_v2_direct_write:1,,,,0
5582e5ca,arc1_train,3x3,y,,1,0,claude_agent_batch_027_v2_direct_write:1,,,,0
5587a8d0,arc2_train,6x6,n,,0,0,,,,,0
5614dbcf,arc1_train,9x9,n,,0,0,,,,,0
5623160b,arc2_train,10x10,y,,0,0,,,,,0
56dc2b01,arc1_train,4x16,y,,1,0,claude_agent_batch_002_v2_full_puzzle:1,,,,0
56ff96f3,arc1_train,10x10,y,,1,0,claude_agent_batch_009_v2_direct_write:1,,,,0
5751f35e,arc2_train,10x10,y,,1,0,claude_agent_batch_031_v2_direct_write:1,,,,0
575b1a71,arc1_eval,10x10,y,,0,0,,,,,0
5783df64,arc1_eval,6x6,n,,0,0,,,,,0
5792cb4d,arc2_train,10x10,y,,1,10,claude_agent_R1_v2_full_puzzle:1,qwen-2.5-7b-instruct:10,reverse_values_along_path,reverse_values_along_path.py,10
57aa92db,arc1_train,16x12,y,,1,0,claude_agent_batch_007_v2_direct_write:1,,,,0
57edb29d,arc2_train,20x24,n,,0,0,,,,,0
581f7754,arc2_eval,18x8,y,y,0,0,,,,,0
5833af48,arc1_eval,17x18,n,,0,0,,,,,0
58490d8a,arc2_eval,20x22,n,y,0,0,,,,,0
58743b76,arc1_eval,10x10,y,,1,0,claude_agent_batch_023_v2_direct_write:1,,,,0
58c02a16,arc2_train,7x7,y,,0,0,,,,,0
58e15b12,arc1_eval,23x17,y,,1,0,claude_agent_batch_002_v2_direct_write:1,,,,0
58f5dbd5,arc2_eval,19x19,n,y,0,0,,,,,0
59341089,arc1_eval,3x3,n,,0,0,,,,,0
5961cc34,arc2_eval,13x15,y,y,0,0,,,,,0
5a5a2103,arc1_eval,14x14,y,,0,0,,,,,0
5a719d11,arc2_train,25x17,y,,1,0,claude_agent_batch_002_v2_direct_write:1,,,,0
5ad4f10b,arc1_train,20x24,n,,0,0,,,,,0
5ad8a7c0,arc2_train,4x6,y,,0,0,,,,,0
5adee1b2,arc2_train,20x20,y,,1,0,claude_agent_batch_002_v2_direct_write:1,,,,0
5af49b42,arc1_eval,12x14,y,,1,0,claude_agent_batch_011_v2_direct_write:1,,,,0
5b37cb25,arc2_train,30x30,y,,1,0,claude_agent_batch_011_v2_direct_write:1,,,,0
5b526a93,arc1_eval,19x17,y,,0,0,,,,,0
5b692c0f,arc1_eval,17x19,y,,1,0,claude_agent_batch_004_v2_direct_write:1,,,,0
5b6cbef5,arc1_eval,4x4,n,,0,0,,,,,0
5bd6f4ac,arc1_train,9x9,n,,0,0,,,,,0
5c0a986e,arc1_train,10x10,y,,0,0,,,,,0
5c2c9af4,arc1_train,23x23,y,,1,0,claude_agent_batch_018_v2_direct_write:1,,,,0
5d2a5c43,arc1_eval,6x9,n,,0,0,,,,,0
5d588b4d,arc2_train,8x11,n,,0,0,,,,,0
5daaa586,arc1_train,22x22,n,,0,0,,,,,0
5dbc8537,arc2_eval,15x15,n,y,0,0,,,,,0
5e6bbc0b,arc2_train,5x6,y,,1,0,claude_agent_batch_011_v2_direct_write:1,,,,0
5ecac7f7,arc2_train,5x17,n,,0,0,,,,,0
5ffb2104,arc1_eval,10x13,y,,0,0,,,,,0
604001fa,arc1_eval,20x16,y,,1,0,claude_agent_batch_013_v2_direct_write:1,,,,0
60a26a3e,arc1_eval,10x15,y,,1,0,claude_agent_batch_013_v2_direct_write:1,,,,0
60b61512,arc1_train,9x9,y,,1,0,claude_agent_batch_006_v2_direct_write:1,,,,0
60c09cac,arc1_eval,3x3,n,,0,0,,,,,0
60d73be6,arc2_train,10x15,y,,1,0,claude_agent_batch_004_v2_direct_write:1,,,,0
6150a2bd,arc1_train,3x3,y,,1,0,claude_agent_batch_032_v2_direct_write:1,,,,0
6165ea8f,arc2_train,20x20,n,,0,0,,,,,0
623ea044,arc1_train,15x15,y,,1,0,claude_agent_batch_027_v2_direct_write:1,,,,0
62593bfd,arc2_eval,28x19,y,y,0,0,,,,,0
626c0bcc,arc1_eval,7x7,y,,1,10,claude_agent_R1_v2_full_puzzle:1,qwen-2.5-7b-instruct:10,tile_eights_with_colored_2x2_shapes,tile_eights_with_colored_2x2_shapes.py,10
62ab2642,arc1_eval,15x5,y,,1,0,claude_agent_batch_023_v2_direct_write:1,,,,0
62b74c02,arc1_eval,3x10,y,,0,0,,,,,0
62c24649,arc1_train,3x3,n,,0,0,,,,,0
6350f1f4,arc2_train,5x5,y,,1,0,claude_agent_batch_030_v2_direct_write:1,,,,0
63613498,arc1_train,10x10,y,,0,0,,,,,0
639f5a19,arc1_eval,23x23,y,,1,0,claude_agent_batch_016_v2_direct_write:1,,,,0
642248e4,arc1_eval,12x13,y,,0,0,,,,,0
642d658d,arc1_eval,26x24,n,,0,0,,,,,0
6430c8c4,arc1_train,9x4,n,,0,0,,,,,0
6455b5f5,arc1_train,18x13,y,,1,0,claude_agent_batch_027_v2_direct_write:1,,,,0
64a7c07e,arc1_eval,10x10,y,,1,0,claude_agent_batch_010_v2_direct_write:1,,,,0
64efde09,arc2_eval,26x29,y,y,0,0,,,,,0
652646ff,arc2_train,20x20,n,,0,0,,,,,0
65b59efc,arc2_eval,10x11,n,y,0,0,,,,,0
662c240a,arc1_train,9x3,n,,0,0,,,,,0
668eec9a,arc2_train,16x16,n,,0,0,,,,,0
66ac4c3b,arc2_train,22x22,y,,1,0,claude_agent_batch_002_v2_direct_write:1,,,,0
66e6c45b,arc1_eval,4x4,y,,1,0,claude_agent_batch_033_v2_direct_write:1,,,,0
66f2d22f,arc1_eval,4x14,n,,0,0,,,,,0
67385a82,arc1_train,3x3,y,,1,0,claude_agent_batch_019_v2_direct_write:1,,,,0
673ef223,arc1_train,19x8,y,,1,0,claude_agent_batch_025_v2_direct_write:1,,,,0
67636eac,arc1_eval,13x17,n,,0,0,,,,,0
6773b310,arc1_train,11x11,n,,0,0,,,,,0
67a3c6ac,arc1_train,4x4,y,,1,0,claude_agent_batch_017_v2_direct_write:1,,,,0
67a423a3,arc1_train,4x4,y,,0,0,,,,,0
67b4a34d,arc1_eval,16x16,n,,0,0,,,,,0
67c52801,arc1_eval,7x6,y,,1,0,claude_agent_batch_034_v2_direct_write:1,,,,0
67e490f4,arc2_eval,30x30,n,y,0,0,,,,,0
67e8384a,arc1_train,3x3,n,,0,0,,,,,0
681b3aeb,arc1_train,10x10,n,,0,0,,,,,0
6855a6e4,arc1_train,15x15,y,,0,0,,,,,0
689c358e,arc2_train,11x11,y,,1,0,claude_agent_batch_007_v2_direct_write:1,,,,0
68b16354,arc1_train,5x5,y,,0,0,,,,,0
68b67ca3,arc1_eval,6x6,n,,0,0,,,,,0
68bc2e87,arc2_train,18x19,n,,0,0,,,,,0
692cd3b6,arc1_eval,15x15,y,,0,0,,,,,0
694f12f3,arc1_train,10x10,y,,1,0,claude_agent_batch_002_v2_full_puzzle:1,,,,0
695367ec,arc1_eval,3x3,n,,0,0,,,,,0
696d4842,arc1_eval,30x30,y,,0,0,,,,,0
69889d6e,arc1_eval,10x10,y,,0,0,,,,,0
6a11f6da,arc1_eval,15x5,n,,0,0,,,,,0
6a1e5592,arc1_train,10x15,y,,0,0,,,,,0
6a980be1,arc2_train,18x19,y,,0,0,,,,,0
6aa20dc0,arc1_train,20x19,y,,0,0,,,,,0
6ad5bdfd,arc1_eval,10x6,y,,1,0,claude_agent_batch_029_v2_direct_write:1,,,,0
6b9890af,arc1_train,18x21,n,,0,0,,,,,0
6bcdb01e,arc2_train,7x7,y,,0,0,,,,,0
6c434453,arc1_train,10x10,y,,0,0,,,,,0
6ca952ad,arc2_train,7x7,y,,0,0,,,,,0
6cbe9eb8,arc2_train,14x22,n,,0,0,,,,,0
6cdd2623,arc1_train,11x22,y,,1,0,claude_agent_batch_013_v2_direct_write:1,,,,0
6cf79266,arc1_train,20x20,y,,1,10,claude_agent_R1_v2_full_puzzle:1,qwen-2.5-7b-instruct:10,fill_zero_3x3_blocks_with_one,fill_zero_3x3_blocks_with_one.py,10
6d0160f0,arc1_train,11x11,y,,1,0,claude_agent_batch_030_v2_direct_write:1,,,,0
6d0aefbc,arc1_train,3x3,n,,0,0,,,,,0
6d1d5c90,arc2_train,6x7,n,,0,0,,,,,0
6d58a25d,arc1_train,20x20,y,,1,0,claude_agent_batch_015_v2_direct_write:1,,,,0
6d75e8bb,arc1_train,14x10,y,,0,0,,,,,0
6df30ad6,arc1_eval,10x10,y,,0,0,,,,,0
6e02f1e3,arc1_train,3x3,y,,1,0,claude_agent_batch_016_v2_direct_write:1,,,,0
6e19193c,arc1_train,10x10,y,,0,0,,,,,0
6e453dd6,arc2_eval,16x16,y,y,0,0,,,,,0
6e4f6532,arc2_eval,13x26,y,y,0,0,,,,,0
6e82a1ae,arc1_train,10x10,y,,0,0,,,,,0
6ea4a07e,arc1_eval,3x3,y,,1,0,claude_agent_batch_035_v2_direct_write:1,,,,0
6ecd11f4,arc1_train,27x21,n,,0,0,,,,,0
6f473927,arc1_eval,10x5,n,,0,0,,,,,0
6f8cd79b,arc1_train,3x3,y,,1,0,claude_agent_batch_016_v2_direct_write:1,,,,0
6fa7a44f,arc1_train,3x3,n,,0,0,,,,,0
6ffbe589,arc2_eval,20x20,n,y,0,0,,,,,0
6ffe8f07,arc2_train,19x19,y,,0,0,,,,,0
7039b2d7,arc1_eval,21x21,n,,0,0,,,,,0
705a3229,arc1_eval,12x12,y,,1,0,claude_agent_batch_013_v2_direct_write:1,,,,0
712bf12e,arc1_eval,12x13,y,,0,0,,,,,0
71e489b6,arc2_eval,19x17,y,y,0,0,,,,,0
72207abc,arc1_eval,3x29,y,,1,0,claude_agent_batch_019_v2_direct_write:1,,,,0
72322fa7,arc1_train,13x22,y,,1,0,claude_agent_batch_002_v2_direct_write:1,,,,0
72a961c9,arc1_eval,13x10,y,,0,0,,,,,0
72ca375d,arc1_train,10x10,n,,0,0,,,,,0
73182012,arc1_eval,12x12,n,,0,0,,,,,0
73251a56,arc1_train,21x21,y,,1,0,claude_agent_batch_017_v2_direct_write:1,,,,0
73c3b0d8,arc1_eval,7x5,y,,1,0,claude_agent_batch_033_v2_direct_write:1,,,,0
73ccf9c2,arc1_eval,23x23,n,,0,0,,,,,0
7447852a,arc1_train,3x10,y,,1,0,claude_agent_batch_013_v2_direct_write:1,,,,0
7468f01a,arc1_train,10x15,n,,0,0,,,,,0
746b3537,arc1_train,3x3,n,,0,0,,,,,0
7491f3cf,arc2_eval,7x25,y,y,0,0,,,,,0
74dd1130,arc1_train,3x3,y,,0,0,,,,,0
753ea09b,arc2_train,30x30,y,,0,0,,,,,0
758abdf0,arc2_train,16x8,y,,1,0,claude_agent_batch_002_v2_full_puzzle:1,,,,0
759f3fd3,arc1_eval,20x20,y,,0,0,,,,,0
75b8110e,arc1_train,8x8,n,,0,0,,,,,0
760b3cac,arc1_train,6x9,y,,0,0,,,,,0
762cd429,arc1_eval,10x14,y,,0,0,,,,,0
7666fa5d,arc2_eval,16x16,y,y,0,0,,,,,0
770cc55f,arc1_eval,9x4,y,,1,0,claude_agent_batch_023_v2_direct_write:1,,,,0
776ffc46,arc1_train,20x20,y,,0,0,,,,,0
77fdfe62,arc1_train,8x8,n,,0,0,,,,,0
780d0b14,arc1_train,20x20,n,,0,0,,,,,0
782b5218,arc1_eval,10x10,y,,0,0,,,,,0
78332cb0,arc2_eval,11x11,n,y,0,0,,,,,0
7837ac64,arc1_train,29x29,n,,0,0,,,,,0
78e78cff,arc2_train,11x11,y,,1,0,claude_agent_batch_016_v2_direct_write:1,,,,0
79369cc6,arc1_eval,19x12,y,,1,0,claude_agent_batch_032_v2_direct_write:1,,,,0
794b24be,arc1_train,3x3,y,,0,0,,,,,0
7953d61e,arc1_eval,4x4,n,,0,0,,,,,0
79cce52d,arc2_train,7x7,n,,0,0,,,,,0
79fb03f4,arc1_eval,20x20,y,,0,0,,,,,0
7acdf6d3,arc2_train,16x16,y,,0,0,,,,,0
7b0280bc,arc2_eval,18x18,y,y,0,0,,,,,0
7b3084d4,arc2_eval,20x20,n,y,0,0,,,,,0
7b5033c1,arc2_eval,16x16,n,y,0,0,,,,,0
7b6016b9,arc1_train,23x23,y,,1,0,claude_agent_batch_024_v2_direct_write:1,,,,0
7b7f7511,arc1_train,4x8,n,,0,0,,,,,0
7b80bb43,arc2_eval,16x30,y,y,0,0,,,,,0
7bb29440,arc1_eval,21x18,n,,0,0,,,,,0
7c008303,arc1_train,9x9,n,,0,0,,,,,0
7c66cb00,arc2_eval,30x24,y,y,0,0,,,,,0
7c8af763,arc1_eval,10x10,y,,0,0,,,,,0
7c9b52a0,arc1_eval,16x16,n,,0,0,,,,,0
7d18a6fb,arc1_eval,17x13,n,,0,0,,,,,0
7d1f7ee8,arc1_eval,23x27,y,,1,0,claude_agent_batch_025_v2_direct_write:1,,,,0
7d419a02,arc1_eval,12x19,y,,0,0,,,,,0
7d7772cc,arc2_train,16x16,y,,1,0,claude_agent_batch_015_v2_direct_write:1,,,,0
7ddcd7ec,arc1_train,10x10,y,,1,0,claude_agent_batch_015_v2_direct_write:1,,,,0
7df24a62,arc1_train,23x23,y,,0,0,,,,,0
7e02026e,arc1_eval,12x12,y,,1,0,claude_agent_batch_021_v2_direct_write:1,,,,0
7e0986d6,arc1_train,13x14,y,,1,0,claude_agent_batch_009_v2_direct_write:1,,,,0
7e2bad24,arc2_train,16x16,y,,1,0,claude_agent_batch_035_v2_direct_write:1,,,,0
7e4d4f7c,arc2_train,6x8,n,,0,0,,,,,0
7e576d6e,arc2_train,30x30,y,,1,0,claude_agent_batch_002_v2_direct_write:1,,,,0
7ec998c9,arc2_train,8x8,y,,1,0,claude_agent_batch_016_v2_direct_write:1,,,,0
7ed72f31,arc2_eval,18x18,y,y,0,0,,,,,0
7ee1c6ea,arc1_eval,10x10,y,,1,0,claude_agent_batch_014_v2_direct_write:1,,,,0
7f4411dc,arc1_train,13x13,y,,1,0,claude_agent_batch_029_v2_direct_write:1,,,,0
7fe24cdd,arc1_train,3x3,n,,0,0,,,,,0
800d221b,arc2_eval,16x16,y,y,0,0,,,,,0
80214e03,arc2_train,20x14,n,,0,0,,,,,0
80a900e0,arc2_eval,20x14,y,y,0,0,,,,,0
80af3007,arc1_train,16x18,n,,0,0,,,,,0
810b9b61,arc1_train,15x15,y,,1,0,claude_agent_batch_018_v2_direct_write:1,,,,0
817e6c09,arc1_eval,7x17,y,,1,0,claude_agent_batch_029_v2_direct_write:1,,,,0
81c0276b,arc1_eval,19x13,n,,0,0,,,,,0
825aa9e9,arc2_train,6x10,y,,1,0,claude_agent_batch_005_v2_direct_write:1,,,,0
82819916,arc1_train,10x8,y,,0,0,,,,,0
83302e8f,arc1_train,24x24,y,,1,0,claude_agent_batch_013_v2_direct_write:1,,,,0
833966f4,arc2_train,5x1,y,,0,0,,,,,0
833dafe3,arc1_eval,3x3,n,,0,0,,,,,0
834ec97d,arc1_train,3x3,y,,1,0,claude_agent_batch_016_v2_direct_write:1,,,,0
83b6b474,arc2_train,6x6,n,,0,0,,,,,0
83eb0a57,arc2_train,30x30,n,,0,0,,,,,0
8403a5d5,arc1_train,10x10,y,,1,0,claude_agent_batch_032_v2_direct_write:1,,,,0
84551f4c,arc2_train,3x16,y,,0,0,,,,,0
845d6e51,arc1_eval,16x16,y,,1,0,claude_agent_batch_014_v2_direct_write:1,,,,0
846bdb03,arc1_train,13x13,n,,0,0,,,,,0
84ba50d3,arc2_train,9x9,y,,0,0,,,,,0
84db8fc4,arc1_eval,10x10,y,,0,0,,,,,0
84f2aca1,arc1_eval,13x13,y,,1,0,claude_agent_batch_010_v2_direct_write:1,,,,0
855e0971,arc1_train,15x19,y,,1,0,claude_agent_R1:1,,extend_zero_markers_across_bands,extend_zero_markers_across_bands.py,0
8597cfd7,arc1_eval,9x9,n,,0,0,,,,,0
85b81ff1,arc1_eval,13x14,y,,1,0,claude_agent_batch_012_v2_direct_write:1,,,,0
85c4e7cd,arc1_train,12x12,y,,0,0,,,,,0
85fa5666,arc1_eval,9x9,y,,1,0,claude_agent_batch_023_v2_direct_write:1,,,,0
8618d23e,arc2_train,4x2,n,,0,0,,,,,0
868de0fa,arc1_train,10x10,y,,0,0,,,,,0
8698868d,arc2_eval,20x15,n,y,0,0,,,,,0
8719f442,arc1_eval,3x3,n,,0,0,,,,,0
8731374e,arc1_train,17x23,n,,0,0,,,,,0
878187ab,arc2_train,16x16,n,,0,0,,,,,0
87ab05b8,arc2_train,4x4,y,,0,0,,,,,0
880c1354,arc2_train,8x8,y,,1,0,claude_agent_batch_012_v2_direct_write:1,,,,0
88207623,arc1_eval,14x16,y,,1,0,claude_agent_batch_008_v2_direct_write:1,,,,0
8886d717,arc2_train,11x11,y,,0,0,,,,,0
88a10436,arc1_train,9x9,y,,0,0,,,,,0
88a62173,arc1_train,5x5,n,,0,0,,,,,0
88bcf3b4,arc2_eval,7x7,y,y,0,0,,,,,0
88e364bc,arc2_eval,20x20,y,y,0,0,,,,,0
890034e9,arc1_train,21x21,y,,0,0,,,,,0
891232d6,arc1_eval,28x19,y,,0,0,,,,,0
89565ca0,arc2_eval,22x28,n,y,0,0,,,,,0
896d5239,arc1_eval,13x12,y,,1,0,claude_agent_batch_002_v2_direct_write:1,,,,0
898e7135,arc2_eval,20x15,n,y,0,0,,,,,0
8a004b2b,arc1_train,17x17,n,,0,0,,,,,0
8a371977,arc1_eval,19x19,y,,1,0,claude_agent_batch_022_v2_direct_write:1,,,,0
8a6d367c,arc2_train,27x21,n,,0,0,,,,,0
8abad3cf,arc2_train,7x7,n,,0,0,,,,,0
8b28cd80,arc1_eval,3x3,n,,0,0,,,,,0
8b7bacbf,arc2_eval,18x24,y,y,0,0,,,,,0
8b9c3697,arc2_eval,19x22,y,y,0,0,,,,,0
8ba14f53,arc1_eval,4x9,n,,0,0,,,,,0
8be77c9e,arc1_train,3x3,n,,0,0,,,,,0
8cb8642d,arc1_eval,12x15,y,,0,0,,,,,0
8d5021e8,arc1_train,3x2,n,,0,0,,,,,0
8d510a79,arc1_train,10x10,y,,0,0,,,,,0
8dab14c2,arc2_train,14x16,y,,0,0,,,,,0
8dae5dfc,arc1_eval,18x19,y,,0,0,,,,,0
8e1813be,arc1_train,18x15,n,,0,0,,,,,0
8e2edd66,arc1_eval,3x3,n,,0,0,,,,,0
8e301a54,arc2_train,10x10,y,,1,0,claude_agent_batch_014_v2_direct_write:1,,,,0
8e5a5113,arc1_train,3x11,y,,1,0,claude_agent_batch_018_v2_direct_write:1,,,,0
8e5c0c38,arc2_eval,22x22,y,y,0,0,,,,,0
8eb1be9a,arc1_train,15x19,y,,0,0,,,,,0
8ee62060,arc1_eval,12x12,y,,1,0,claude_agent_batch_018_v2_direct_write:1,,,,0
8efcae92,arc1_train,20x20,n,,0,0,,,,,0
8f215267,arc2_eval,23x23,y,y,0,0,,,,,0
8f2ea7aa,arc1_train,9x9,y,,0,0,,,,,0
8f3a5a89,arc2_eval,16x16,y,y,0,0,,,,seeded_reachable_wall_contouring.py,0
8fbca751,arc1_eval,8x12,y,,0,0,,,,,0
8fff9e47,arc2_train,6x4,n,,0,0,,,,,0
902510d5,arc2_train,6x9,y,,0,0,,,,,0
90347967,arc1_eval,7x9,y,,0,0,,,,,0
903d1b4a,arc1_eval,16x16,y,,0,0,,,,,0
90c28cc7,arc1_train,21x21,n,,0,0,,,,,0
90f3ed37,arc1_train,15x10,y,,1,0,claude_agent_batch_021_v2_direct_write:1,,,,0
9110e3c5,arc1_eval,7x7,n,,0,0,,,,,0
913fb3ed,arc1_train,12x12,y,,1,0,claude_agent_batch_008_v2_direct_write:1,,,,0
91413438,arc1_train,3x3,n,,0,0,,,,,0
91714a58,arc1_train,16x16,y,,1,0,claude_agent_batch_029_v2_direct_write:1,,,,0
9172f3a0,arc1_train,3x3,n,,0,0,,,,,0
917bccba,arc1_eval,12x12,y,,1,0,claude_agent_batch_013_v2_direct_write:1,,,,0
928ad970,arc1_train,12x13,y,,1,0,claude_agent_batch_021_v2_direct_write:1,,,,0
929ab4e9,arc1_eval,24x24,y,,0,0,,,,,0
92e50de0,arc1_eval,27x27,y,,1,0,claude_agent_batch_017_v2_direct_write:1,,,,0
9344f635,arc2_train,8x8,y,,0,0,,,,,0
9356391f,arc1_eval,16x16,y,,1,0,claude_agent_batch_035_v2_direct_write:1,,,,0
9385bd28,arc2_eval,10x10,y,y,0,0,,,,,0
93b4f4b3,arc1_eval,10x12,n,,0,0,,,,,0
93b581b8,arc1_train,6x6,y,,0,0,,,,,0
93c31fbe,arc1_eval,23x25,y,,1,0,claude_agent_batch_026_v2_direct_write:1,,,,0
94133066,arc1_eval,23x19,n,,0,0,,,,,0
941d9a10,arc1_train,10x10,y,,0,0,,,,,0
94414823,arc1_eval,10x10,y,,1,0,claude_agent_batch_007_v2_direct_write:1,,,,0
9473c6fb,arc2_train,6x10,y,,1,0,claude_agent_batch_035_v2_direct_write:1,,,,0
94be5b80,arc1_eval,17x13,y,,1,0,claude_agent_batch_030_v2_direct_write:1,,,,0
94f9d214,arc1_train,8x4,n,,0,0,,,,,0
952a094c,arc1_train,10x10,y,,1,0,claude_agent_batch_006_v2_direct_write:1,,,,0
9565186b,arc1_train,3x3,y,,1,0,claude_agent_batch_003_v2_direct_write:1,,,,0
95755ff2,arc2_train,11x11,y,,1,0,claude_agent_batch_014_v2_direct_write:1,,,,0
95990924,arc1_train,10x10,y,,1,0,claude_agent_R1:1,,mark_2x2_block_diagonal_corners,mark_2x2_block_diagonal_corners.py,0
95a58926,arc1_eval,19x13,y,,1,0,claude_agent_batch_019_v2_direct_write:1,,,,0
963c33f8,arc2_train,16x16,y,,0,0,,,,,0
963e52fc,arc1_train,5x6,n,,0,0,,,,,0
963f59bc,arc1_eval,11x11,y,,1,0,claude_agent_batch_002_v2_direct_write:1,,,,0
96a8c0cd,arc1_eval,12x22,y,,1,0,claude_agent_batch_031_v2_direct_write:1,,,,0
9720b24f,arc2_train,3x3,y,,1,0,claude_agent_batch_002_v2_full_puzzle:1,,,,0
97239e3d,arc1_eval,17x17,y,,0,0,,,,,0
973e499e,arc2_train,3x3,n,,0,0,,,,,0
9772c176,arc1_eval,26x29,y,,0,0,,,,,0
97999447,arc1_train,10x8,y,,1,0,claude_agent_batch_019_v2_direct_write:1,,,,0
97a05b5b,arc1_train,24x19,n,,0,0,,,,,0
97c75046,arc2_train,10x6,y,,0,0,,,,,0
97d7923e,arc2_eval,10x15,y,y,0,0,,,,,0
981571dc,arc1_eval,30x30,y,,0,0,,,,,0
981add89,arc2_train,20x20,y,,0,0,,,,,0
9841fdad,arc2_train,14x25,y,,1,0,claude_agent_batch_008_v2_direct_write:1,,,,0
984d8a3e,arc2_train,10x10,y,,0,0,,,,,0
985ae207,arc2_train,20x20,y,,1,0,claude_agent_batch_002_v2_direct_write:1,,,,0
98c475bf,arc2_train,20x20,y,,1,0,claude_agent_batch_004_v2_direct_write:1,,,,0
98cf29f8,arc1_train,17x14,y,,1,0,claude_agent_batch_034_v2_direct_write:1,,,,0
992798f6,arc1_eval,13x12,y,,1,0,claude_agent_batch_014_v2_direct_write:1,,,,0
99306f82,arc1_eval,10x10,y,,0,0,,,,,0
995c5fa3,arc1_train,4x14,n,,0,0,,,,,0
9968a131,arc2_train,4x4,y,,1,0,claude_agent_batch_005_v2_direct_write:1,,,,0
996ec1f3,arc2_train,19x19,n,,0,0,,,,,0
99b1bc43,arc1_train,9x4,n,,0,0,,,,,0
99caaf76,arc2_train,8x8,y,,1,0,claude_agent_batch_025_v2_direct_write:1,,,,0
99fa7670,arc1_train,6x6,y,,1,0,claude_agent_batch_009_v2_direct_write:1,,,,0
9a4bb226,arc1_eval,15x15,n,,0,0,,,,,0
9aaea919,arc2_eval,30x30,y,y,0,0,,,,,0
9aec4887,arc1_train,15x16,n,,0,0,,,,,0
9af7a82c,arc1_train,3x3,n,,0,0,,,,,0
9b2a60aa,arc1_eval,16x22,y,,0,0,,,,,0
9b30e358,arc2_train,10x5,y,,0,0,,,,,0
9b365c51,arc1_eval,8x20,y,,0,0,,,,,0
9b4c17c4,arc1_eval,15x15,y,,1,0,claude_agent_batch_009_v2_direct_write:1,,,,0
9b5080bb,arc2_train,23x23,y,,0,0,,,,,0
9ba4a9aa,arc2_train,22x22,n,,0,0,,,,,0
9bbf930d,arc2_eval,17x16,y,y,0,0,,,,,0
9bebae7a,arc1_eval,6x10,y,,0,0,,,,,0
9c1e755f,arc1_eval,10x10,y,,0,0,,,,,0
9c56f360,arc1_eval,7x6,y,,1,0,claude_agent_batch_008_v2_direct_write:1,,,,0
9caba7c3,arc1_eval,19x19,y,,1,0,claude_agent_batch_008_v2_direct_write:1,,,,0
9caf5b84,arc2_train,6x6,y,,1,0,claude_agent_R1:1,,replace_non_top2_colors_with_seven,replace_non_top2_colors_with_seven.py,0
9d9215db,arc1_train,19x19,y,,0,0,,,,,0
9ddd00f0,arc1_eval,11x11,y,,0,0,,,,,0
9def23fe,arc1_eval,21x25,y,,0,0,,,,,0
9dfd6313,arc1_train,3x3,y,,0,0,,,,,0
9ecd008a,arc1_train,16x16,n,,0,0,,,,,0
9edfc990,arc1_train,13x13,y,,0,0,,,,,0
9f236235,arc1_train,19x19,n,,0,0,,,,,0
9f27f097,arc1_eval,12x12,y,,1,0,claude_agent_batch_034_v2_direct_write:1,,,,0
9f41bd9c,arc2_train,17x17,y,,0,0,,,,,0
9f5f939b,arc2_train,16x16,y,,0,0,,,,,0
9f669b64,arc2_train,10x10,y,,1,0,claude_agent_batch_027_v2_direct_write:1,,,,0
9f8de559,arc2_train,14x14,y,,0,0,,,,,0
a04b2602,arc1_eval,20x20,y,,1,0,claude_agent_batch_002_v2_direct_write:1,,,,0
a096bf4d,arc1_eval,21x21,y,,0,0,,,,,0
a09f6c25,arc2_train,19x19,y,,1,0,claude_agent_batch_023_v2_direct_write:1,,,,0
a1570a43,arc1_train,7x7,y,,0,0,,,,,0
a1aa0c1e,arc2_train,21x21,n,,0,0,,,,,0
a251c730,arc2_eval,30x30,n,y,0,0,,,,,0
a25697e4,arc2_eval,18x25,y,y,0,0,,,,,0
a2d730bd,arc2_train,22x16,y,,0,0,,,,,0
a2fd1cf0,arc1_train,15x15,y,,0,0,,,,,0
a32d8b75,arc2_eval,20x30,n,y,0,0,,,,,0
a3325580,arc1_train,10x10,n,,0,0,,,,,0
a395ee82,arc2_eval,22x22,y,y,0,0,,,,,0
a3df8b1e,arc1_train,10x2,y,,1,0,claude_agent_batch_002_v2_full_puzzle:1,,,,0
a3f84088,arc1_eval,13x13,y,,1,0,claude_agent_batch_003_v2_direct_write:1,,,,0
a406ac07,arc1_eval,10x10,y,,1,0,claude_agent_batch_005_v2_direct_write:1,,,,0
a416b8f3,arc1_train,3x3,n,,0,0,,,,,0
a416fc5b,arc2_train,11x11,n,,0,0,,,,,0
a47bf94d,arc2_eval,22x22,y,y,0,0,,,,,0
a48eeaf7,arc1_train,10x10,y,,0,0,,,,,0
a5313dff,arc1_train,8x8,y,,0,0,,,,,0
a57f2f04,arc1_eval,19x13,y,,0,0,,,,,0
a59b95c0,arc1_eval,3x3,n,,0,0,,,,,0
a5f85a15,arc1_train,3x3,y,,1,0,claude_agent_batch_006_v2_direct_write:1,,,,0
a61ba2ce,arc1_train,13x13,n,,0,0,,,,,0
a61f2674,arc1_train,9x9,y,,0,0,,,,,0
a644e277,arc2_train,17x21,n,,0,0,,,,,0
a64e4611,arc1_train,30x30,y,,0,0,,,,,0
a65b410d,arc1_train,7x7,y,,0,0,,,,,0
a680ac02,arc1_eval,18x17,n,,0,0,,,,,0
a68b268e,arc1_train,9x9,n,,0,0,,,,,0
a6953f00,arc2_train,4x4,n,,0,0,,,,,0
a699fb00,arc1_train,5x5,y,,0,0,,,,,0
a6f40cea,arc2_eval,20x20,n,y,0,0,,,,,0
a740d043,arc1_train,5x7,n,,0,0,,,,,0
a78176bb,arc1_train,10x10,y,,1,0,claude_agent_batch_002_v2_direct_write:1,,,,0
a79310a0,arc1_train,5x5,y,,0,0,,,,,0
a834deea,arc2_train,12x12,y,,0,0,,,,,0
a85d4709,arc1_train,3x3,y,,0,0,,,,,0
a8610ef7,arc1_eval,6x6,y,,1,0,claude_agent_batch_012_v2_direct_write:1,,,,0
a87f7484,arc1_train,9x3,n,,0,0,,,,,0
a8c38be5,arc1_train,14x14,n,,0,0,,,,,0
a8d7556c,arc1_train,18x18,y,,1,0,claude_agent_batch_002_v2_direct_write:1,,,,0
a934301b,arc1_eval,14x14,y,,1,0,claude_agent_batch_034_v2_direct_write:1,,,,0
a9f96cdd,arc1_train,3x5,y,,1,0,claude_agent_batch_031_v2_direct_write:1,,,,0
aa18de87,arc1_eval,4x8,y,,0,0,,,,,0
aa300dc3,arc1_eval,10x10,y,,0,0,,,,,0
aa4ec2a5,arc1_eval,28x23,y,,0,0,,,,,0
aa62e3f4,arc2_train,16x16,y,,0,0,,,,,0
aab50785,arc1_eval,13x17,n,,0,0,,,,,0
aabf363d,arc1_train,7x7,y,,1,0,claude_agent_batch_009_v2_direct_write:1,,,,0
aaecdb9a,arc2_train,10x10,n,,0,0,,,,,0
aaef0977,arc2_train,8x8,y,,1,0,claude_agent_batch_002_v2_full_puzzle:1,,,,0
aba27056,arc1_train,7x7,y,,1,0,claude_agent_batch_007_v2_direct_write:1,,,,0
abbfd121,arc2_train,22x20,n,,0,0,,,,,0
abc82100,arc2_eval,5x5,y,y,0,0,,,,,0
ac0a08a4,arc1_train,3x3,n,,0,0,,,,,0
ac0c2ac3,arc2_train,9x9,y,,0,0,,,,,0
ac0c5833,arc1_eval,30x30,y,,0,0,,,,,0
ac2e8ecf,arc1_eval,13x16,y,,1,0,claude_agent_batch_002_v2_direct_write:1,,,,0
ac3e2b04,arc1_eval,10x10,y,,1,0,claude_agent_batch_018_v2_direct_write:1,,,,0
ac605cbb,arc1_eval,10x10,y,,0,0,,,,,0
ac6f9922,arc2_train,17x17,n,,0,0,,,,,0
ad173014,arc2_train,20x22,y,,0,0,,,,,0
ad38a9d0,arc2_train,9x9,y,,0,0,,,,,0
ad3b40cf,arc2_train,9x9,y,,0,0,,,,,0
ad7e01d0,arc1_eval,3x3,n,,0,0,,,,,0
ae3edfdc,arc1_train,15x15,y,,1,0,claude_agent_batch_035_v2_direct_write:1,,,,0
ae4f1146,arc1_train,9x9,n,,0,0,,,,,0
ae58858e,arc1_eval,10x8,y,,1,0,claude_agent_batch_026_v2_direct_write:1,,,,0
aedd82e4,arc1_train,3x3,y,,1,0,claude_agent_batch_029_v2_direct_write:1,,,,0
aee291af,arc1_eval,16x16,n,,0,0,,,,,0
af22c60d,arc1_eval,30x30,y,,0,0,,,,,0
af24b4cc,arc1_eval,9x10,n,,0,0,,,,,0
af726779,arc2_train,11x16,y,,1,0,claude_agent_batch_002_v2_full_puzzle:1,,,,0
af902bf9,arc1_train,10x10,y,,1,0,claude_agent_batch_027_v2_direct_write:1,,,,0
afe3afe9,arc2_train,30x30,n,,0,0,,,,,0
b0039139,arc2_eval,18x4,n,y,0,0,,,,,0
b0722778,arc1_eval,11x9,n,,0,0,,,,,0
b0c4d837,arc1_train,6x6,n,,0,0,,,,,0
b0f4d537,arc1_eval,9x11,n,,0,0,,,,,0
b10624e5,arc2_eval,27x27,y,y,0,0,,,,,0
b15fca0b,arc1_eval,5x5,y,,0,0,,,,,0
b190f7f5,arc1_train,3x6,n,,0,0,,,,,0
b1948b0a,arc1_train,3x4,y,,1,0,claude_agent_batch_023_v2_direct_write:1,,,,0
b1986d4b,arc2_train,28x28,n,,0,0,,,,,0
b1fc8b8e,arc1_eval,6x6,n,,0,0,,,,,0
b20f7c8b,arc1_eval,18x22,y,,0,0,,,,,0
b230c067,arc1_train,10x10,y,,1,0,claude_agent_batch_024_v2_direct_write:1,,,,0
b25e450b,arc2_train,10x10,y,,0,0,,,,,0
b27ca6d3,arc1_train,15x18,y,,1,0,claude_agent_batch_022_v2_direct_write:1,,,,0
b2862040,arc1_train,9x11,y,,1,0,claude_agent_batch_012_v2_direct_write:1,,,,0
b2bc3ffd,arc2_train,8x8,y,,1,0,claude_agent_batch_003_v2_direct_write:1,,,,0
b457fec5,arc1_eval,23x19,y,,0,0,,,,,0
b4a43f3b,arc1_eval,13x6,n,,0,0,,,,,0
b527c5c6,arc1_train,10x10,y,,1,0,claude_agent_batch_018_v2_direct_write:1,,,,0
b548a754,arc1_train,11x11,y,,0,0,,,,,0
b5bb5719,arc2_train,3x5,y,,1,0,claude_agent_batch_002_v2_direct_write:1,,,,0
b5ca7ac4,arc2_eval,22x22,y,y,0,0,,,,,0
b60334d2,arc1_train,9x9,y,,0,0,,,,,0
b6afb2da,arc1_train,10x10,y,,0,0,,,,,0
b6f77b65,arc2_eval,12x12,y,y,0,0,,,,,0
b71a7747,arc2_train,19x19,n,,0,0,,,,,0
b7249182,arc1_train,14x10,y,,1,0,claude_agent_batch_020_v2_direct_write:1,,,,0
b7256dcd,arc2_train,5x5,y,,1,0,claude_agent_batch_005_v2_direct_write:1,,,,0
b745798f,arc2_train,11x11,y,,1,0,claude_agent_batch_012_v2_direct_write:1,,,,0
b74ca5d1,arc2_train,30x30,y,,0,0,,,,,0
b775ac94,arc1_train,30x30,y,,0,0,,,,,0
b782dc8a,arc1_train,11x24,y,,1,0,claude_agent_batch_021_v2_direct_write:1,,,,0
b7955b3c,arc2_train,18x14,y,,1,0,claude_agent_batch_028_v2_direct_write:1,,,,0
b7999b51,arc1_eval,19x18,n,,0,0,,,,,0
b7cb93ac,arc1_eval,10x13,n,,0,0,,,,,0
b7f8a4d8,arc1_eval,23x28,y,,1,0,claude_agent_batch_032_v2_direct_write:1,,,,0
b7fb29bc,arc1_eval,15x15,y,,0,0,,,,,0
b8825c91,arc1_train,16x16,y,,0,0,,,,,0
b8cdaf2b,arc1_train,3x3,y,,0,0,,,,,0
b91ae062,arc1_train,3x3,n,,0,0,,,,,0
b942fd60,arc1_eval,10x10,y,,0,0,,,,,0
b94a9452,arc1_train,12x13,n,,0,0,,,,,0
b9630600,arc1_eval,30x30,y,,1,0,claude_agent_batch_015_v2_direct_write:1,,,,0
b99e7126,arc2_eval,29x29,y,y,0,0,,,,,0
b9b7f026,arc1_train,15x13,n,,0,0,,,,,0
b9e38dc0,arc2_eval,15x15,y,y,0,0,,,,,0
ba1aa698,arc2_train,16x21,n,,0,0,,,,,0
ba26e723,arc1_train,3x10,y,,1,0,claude_agent_batch_002_v2_full_puzzle:1,,,,0
ba97ae07,arc1_train,13x13,y,,0,0,,,,,0
ba9d41b8,arc1_eval,16x15,y,,0,0,,,,,0
bae5c565,arc2_train,13x13,y,,1,0,claude_agent_batch_029_v2_direct_write:1,,,,0
baf41dbf,arc1_eval,8x17,y,,1,0,claude_agent_batch_003_v2_direct_write:1,,,,0
bb43febb,arc1_train,10x10,y,,1,0,claude_agent_batch_017_v2_direct_write:1,,,,0
bb52a14b,arc1_eval,22x22,y,,0,0,,,,,0
bbb1b8b6,arc1_eval,4x9,n,,0,0,,,,,0
bbc9ae5d,arc1_train,1x6,n,,0,0,,,,,0
bc1d5164,arc1_train,5x7,n,,0,0,,,,,0
bc4146bd,arc1_eval,4x4,n,,0,0,,,,,0
bc93ec48,arc2_train,10x10,y,,1,0,claude_agent_batch_019_v2_direct_write:1,,,,0
bcb3040b,arc1_eval,16x16,y,,1,0,claude_agent_batch_002_v2_full_puzzle:1,,,,0
bd14c3bf,arc1_eval,15x15,y,,0,0,,,,,0
bd283c4a,arc2_train,10x10,y,,1,0,claude_agent_batch_003_v2_direct_write:1,,,,0
bd4472b8,arc1_train,8x3,y,,1,0,claude_agent_batch_030_v2_direct_write:1,,,,0
bd5af378,arc2_train,5x6,y,,0,0,,,,,0
bda2d7a6,arc1_train,6x6,y,,1,0,claude_agent_batch_022_v2_direct_write:1,,,,0
bdad9b1f,arc1_train,6x6,y,,0,0,,,,,0
be03b35f,arc1_eval,5x5,n,,0,0,,,,,0
be94b721,arc1_train,7x13,n,,0,0,,,,,0
beb8660c,arc1_train,10x7,y,,0,0,,,,,0
bf32578f,arc1_eval,10x10,y,,1,0,claude_agent_batch_020_v2_direct_write:1,,,,0
bf45cf4b,arc2_eval,12x12,n,y,0,0,,,,,0
bf699163,arc1_eval,17x16,n,,0,0,,,,,0
bf89d739,arc1_eval,19x13,y,,1,0,claude_agent_batch_031_v2_direct_write:1,,,,0
c074846d,arc1_eval,5x7,y,,1,0,claude_agent_batch_026_v2_direct_write:1,,,,0
c0f76784,arc1_train,12x12,y,,0,0,,,,,0
c1990cce,arc1_eval,1x13,n,,0,0,,,,,0
c1d99e64,arc1_train,12x19,y,,0,0,,,,,0
c3202e5a,arc1_eval,23x23,n,,0,0,,,,,0
c35c1b4c,arc1_eval,10x10,y,,0,0,,,,,0
c3e719e8,arc1_train,3x3,n,,0,0,,,,,0
c3f564a4,arc1_train,16x16,y,,1,0,claude_agent_batch_020_v2_direct_write:1,,,,0
c3fa4749,arc2_train,25x25,y,,0,0,,,,,0
c444b776,arc1_train,19x19,y,,0,0,,,,,0
c48954c1,arc1_eval,3x3,n,,0,0,,,,,0
c4d067a0,arc2_eval,23x23,y,y,0,0,,,,,0
c4d1a9ae,arc2_train,10x8,y,,0,0,,,,,0
c59eb873,arc1_train,3x3,n,,0,0,,,,,0
c6141b15,arc2_train,16x16,y,,1,0,claude_agent_batch_004_v2_direct_write:1,,,,0
c61be7dc,arc2_train,11x11,y,,1,0,claude_agent_batch_014_v2_direct_write:1,,,,0
c62e2108,arc1_eval,18x17,y,,1,0,claude_agent_batch_006_v2_direct_write:1,,,,0
c64f1187,arc1_eval,18x20,n,,0,0,,,,,0
c658a4bd,arc1_eval,13x13,n,,0,0,,,,,0
c663677b,arc1_eval,27x27,y,,0,0,,,,,0
c6e1b8da,arc1_eval,20x20,y,,0,0,,,,,0
c7d4e6ad,arc1_eval,10x10,y,,0,0,,,,,0
c7f57c3e,arc2_eval,18x18,y,y,0,0,,,,,0
c803e39c,arc2_train,5x23,n,,0,0,,,,,0
c87289bb,arc1_eval,9x10,y,,1,0,claude_agent_batch_021_v2_direct_write:1,,,,0
c8b7cc0f,arc1_eval,7x7,n,,0,0,,,,,0
c8cbb738,arc1_train,12x11,n,,0,0,,,,,0
c8f0f002,arc1_train,3x6,y,,1,0,claude_agent_batch_006_v2_direct_write:1,,,,0
c909285e,arc1_train,24x24,n,,0,0,,,,,0
c920a713,arc2_train,20x20,n,,0,0,,,,,0
c92b942c,arc1_eval,3x3,n,,0,0,,,,,0
c9680e90,arc2_train,9x9,y,,1,0,claude_agent_batch_025_v2_direct_write:1,,,,0
c97c0139,arc1_eval,17x19,y,,1,0,claude_agent_batch_010_v2_direct_write:1,,,,0
c9e6f938,arc1_train,3x3,n,,0,0,,,,,0
c9f8e694,arc1_train,12x12,y,,0,0,,,,,0
ca8de6ea,arc1_eval,5x5,n,,0,0,,,,,0
ca8f78db,arc1_eval,30x30,y,,1,0,claude_agent_batch_028_v2_direct_write:1,,,,0
caa06a1f,arc1_train,11x11,y,,0,0,,,,,0
cad67732,arc1_eval,6x6,n,,0,0,,,,,0
cb227835,arc1_eval,13x13,y,,0,0,,,,,0
cb2d8a2c,arc2_eval,19x13,y,y,0,0,,,,,0
cbded52d,arc1_train,8x8,y,,0,0,,,,,0
cbebaa4b,arc2_eval,22x22,y,y,0,0,,,,,0
cc9053aa,arc2_train,7x9,y,,1,0,claude_agent_batch_002_v2_direct_write:1,,,,0
ccd554ac,arc1_eval,3x3,n,,0,0,,,,,0
cce03e0d,arc1_train,3x3,n,,0,0,,,,,0
cd3c21df,arc1_eval,11x11,n,,0,0,,,,,0
cdecee7f,arc1_train,10x10,n,,0,0,,,,,0
ce039d91,arc1_eval,10x10,y,,1,0,claude_agent_batch_033_v2_direct_write:1,,,,0
ce22a75a,arc1_train,9x9,y,,0,0,,,,,0
ce4f8723,arc1_train,9x4,n,,0,0,,,,,0
ce602527,arc1_train,17x17,n,,0,0,,,,,0
ce8d95cc,arc1_eval,10x11,n,,0,0,,,,,0
ce9e57f2,arc1_train,7x9,y,,1,0,claude_agent_batch_017_v2_direct_write:1,,,,0
cf133acc,arc1_eval,15x15,y,,1,0,claude_agent_batch_033_v2_direct_write:1,,,,0
cf5fd0ad,arc2_train,3x3,n,,0,0,,,,,0
cf98881b,arc1_train,4x14,n,,0,0,,,,,0
cfb2ce5a,arc1_eval,10x10,y,,0,0,,,,,0
d017b73f,arc1_eval,3x9,n,,0,0,,,,,0
d037b0a7,arc1_train,3x3,y,,0,0,,,,,0
d06dbe63,arc1_train,13x13,y,,1,0,claude_agent_batch_020_v2_direct_write:1,,,,0
d07ae81c,arc1_train,19x12,y,,1,0,claude_agent_batch_022_v2_direct_write:1,,,,0
d0f5fe59,arc1_train,16x10,n,,0,0,,,,,0
d10ecb37,arc1_train,6x6,n,,0,0,,,,,0
d13f3404,arc1_train,3x3,n,,0,0,,,,,0
d19f7514,arc1_eval,12x4,n,,0,0,,,,,0
d22278a0,arc1_train,10x10,y,,1,0,claude_agent_batch_024_v2_direct_write:1,,,,0
d23f8c26,arc1_train,3x3,y,,1,0,claude_agent_batch_029_v2_direct_write:1,,,,0
d255d7a7,arc2_train,14x14,y,,0,0,,,,,0
d282b262,arc1_eval,15x15,y,,0,0,,,,,0
d2abd087,arc1_train,10x10,y,,0,0,,,,,0
d2acf2cb,arc1_eval,7x9,y,,1,0,claude_agent_batch_002_v2_full_puzzle:1,,,,0
d304284e,arc1_eval,23x28,y,,1,0,claude_agent_batch_029_v2_direct_write:1,,,,0
d35bdbdc,arc2_eval,10x10,y,y,0,0,,,,,0
d364b489,arc1_train,10x10,y,,1,0,claude_agent_batch_024_v2_direct_write:1,,,,0
d37a1ef5,arc1_eval,8x11,y,,0,0,,,,,0
d406998b,arc1_train,3x10,y,,1,0,claude_agent_batch_034_v2_direct_write:1,,,,0
d43fd935,arc1_train,10x10,y,,0,0,,,,,0
d4469b4b,arc1_train,5x5,n,,0,0,,,,,0
d47aa2ff,arc1_eval,10x21,n,,0,0,,,,,0
d492a647,arc1_eval,13x16,y,,1,0,claude_agent_batch_003_v2_direct_write:1,,,,0
d4a91cb9,arc1_train,10x12,y,,0,0,,,,,0
d4b1c2b1,arc1_eval,3x3,n,,0,0,,,,,0
d4c90558,arc1_eval,25x25,n,,0,0,,,,,0
d4f3cd78,arc1_train,10x10,y,,0,0,,,,,0
d511f180,arc1_train,5x5,y,,1,0,claude_agent_batch_006_v2_direct_write:1,,,,0
d56f2372,arc1_eval,21x16,n,,0,0,,,,,0
d59b0160,arc2_eval,16x16,y,y,0,0,,,,,0
d5c634a2,arc1_eval,15x15,n,,0,0,,,,,0
d5d6de2d,arc1_train,10x10,y,,1,0,claude_agent_batch_026_v2_direct_write:1,,,,0
d631b094,arc1_train,3x3,n,,0,0,,,,,0
d6542281,arc2_train,19x19,y,,1,0,claude_agent_R1:1,,complete_partial_shapes_from_templates,complete_partial_shapes_from_templates.py,0
d687bc17,arc1_train,10x15,y,,1,0,claude_agent_batch_004_v2_direct_write:1,,,,0
d6ad076f,arc1_train,10x10,y,,1,10,claude_agent_R1_v2_full_puzzle:1,qwen-2.5-7b-instruct:10,fill_inner_gap_between_rectangles,fill_inner_gap_between_rectangles.py,10
d6e50e54,arc2_train,10x10,y,,1,0,claude_agent_batch_002_v2_full_puzzle:1,,,,0
d749d46f,arc2_train,4x13,n,,0,0,,,,,0
d753a70b,arc2_train,16x16,y,,1,0,claude_agent_batch_009_v2_direct_write:1,,,,0
d89b689b,arc1_train,10x10,y,,0,0,,,,,0
d8c310e9,arc1_train,5x15,y,,1,0,claude_agent_batch_002_v2_direct_write:1,,,,0
d8e07eb2,arc2_eval,30x22,y,y,0,0,,,,,0
d90796e8,arc1_train,3x3,y,,1,0,claude_agent_batch_027_v2_direct_write:1,,,,0
d931c21c,arc1_eval,8x8,y,,1,0,claude_agent_batch_017_v2_direct_write:1,,,,0
d93c6891,arc2_train,16x16,y,,1,0,claude_agent_batch_011_v2_direct_write:1,,,,0
d94c3b52,arc1_eval,17x25,y,,1,0,claude_agent_batch_011_v2_direct_write:1,,,,0
d968ffd4,arc2_train,5x16,y,,0,0,,,,,0
d9f24cd1,arc1_train,10x10,y,,1,0,claude_agent_batch_028_v2_direct_write:1,,,,0
d9fac9be,arc1_train,5x9,n,,0,0,,,,,0
da2b0fe3,arc1_eval,10x10,y,,1,0,claude_agent_batch_010_v2_direct_write:1,,,,0
da515329,arc1_eval,22x22,y,,0,0,,,,,0
da6e95e5,arc2_train,30x30,n,,0,0,,,,,0
dae9d2b5,arc1_train,3x6,n,,0,0,,,,,0
db0c5428,arc2_eval,18x18,y,y,0,0,,,,,0
db118e2a,arc2_train,9x7,n,,0,0,,,,,0
db3e9e38,arc1_train,5x7,y,,1,0,claude_agent_batch_022_v2_direct_write:1,,,,0
db615bd4,arc2_train,25x25,y,,0,0,,,,,0
db695cfb,arc2_eval,15x12,y,y,0,0,,,,,0
db7260a4,arc2_train,10x10,y,,1,0,claude_agent_batch_020_v2_direct_write:1,,,,0
db93a21d,arc1_train,10x10,y,,1,0,claude_agent_batch_019_v2_direct_write:1,,,,0
dbc1a6ce,arc1_train,10x9,y,,1,0,claude_agent_batch_002_v2_full_puzzle:1,,,,0
dbff022c,arc2_eval,12x12,y,y,0,0,,,,,0
dc0a314f,arc1_train,16x16,n,,0,0,,,,,0
dc1df850,arc1_train,5x5,y,,0,0,,,,,0
dc2aa30b,arc1_eval,11x11,y,,1,0,claude_agent_batch_030_v2_direct_write:1,,,,0
dc2e9a9d,arc1_eval,22x17,y,,1,0,claude_agent_batch_024_v2_direct_write:1,,,,0
dc433765,arc1_train,3x3,y,,0,0,,,,,0
dc46ea44,arc2_train,11x11,y,,0,0,,,,,0
dce56571,arc2_train,7x11,y,,1,0,claude_agent_batch_011_v2_direct_write:1,,,,0
dd2401ed,arc1_eval,7x15,y,,1,0,claude_agent_batch_003_v2_direct_write:1,,,,0
dd6b8c4b,arc2_eval,11x11,y,y,0,0,,,,,0
ddf7fa4f,arc1_train,10x10,y,,0,0,,,,,0
de1cd16c,arc1_train,17x13,n,,0,0,,,,,0
de493100,arc1_eval,30x30,n,,0,0,,,,,0
de809cff,arc2_eval,20x20,y,y,0,0,,,,,0
ded97339,arc1_train,10x10,y,,0,0,,,,,0
df8cc377,arc1_eval,18x23,y,,1,0,claude_agent_batch_016_v2_direct_write:1,,,,0
df978a02,arc2_train,16x16,y,,1,0,claude_agent_batch_033_v2_direct_write:1,,,,0
df9fd884,arc2_train,9x9,y,,1,0,claude_agent_batch_030_v2_direct_write:1,,,,0
dfadab01,arc2_eval,20x20,y,y,0,0,,,,,0
e048c9ed,arc2_train,4x3,y,,0,0,,,,,0
e0fb7511,arc1_eval,13x13,y,,0,0,,,,,0
e12f9a14,arc2_eval,24x24,y,y,0,0,,,,,0
e133d23d,arc1_eval,3x7,n,,0,0,,,,,0
e179c5f4,arc1_train,10x2,y,,1,0,claude_agent_batch_014_v2_direct_write:1,,,,0
e1baa8a4,arc1_eval,13x15,n,,0,0,,,,,0
e1d2900e,arc1_eval,30x30,y,,0,0,,,,,0
e2092e0c,arc1_eval,15x15,y,,1,0,claude_agent_batch_010_v2_direct_write:1,,,,0
e21a174a,arc1_eval,13x13,y,,0,0,,,,,0
e21d9049,arc1_train,12x11,y,,1,0,claude_agent_batch_011_v2_direct_write:1,,,,0
e26a3af2,arc1_train,13x17,y,,0,0,,,,,0
e345f17b,arc1_eval,4x8,n,,0,0,,,,,0
e3497940,arc1_train,10x9,n,,0,0,,,,,0
e3721c99,arc2_eval,30x30,y,y,0,0,,,,,0
e376de54,arc2_eval,16x16,y,y,0,0,,,,,0
e39e9282,arc2_train,11x11,y,,1,0,claude_agent_batch_035_v2_direct_write:1,,,,0
e3f79277,arc2_train,6x6,n,,0,0,,,,,0
e3fe1151,arc2_train,5x5,y,,0,0,,,,,0
e4075551,arc1_eval,14x15,y,,1,0,claude_agent_batch_002_v2_full_puzzle:1,,,,0
e40b9e2f,arc1_train,10x10,y,,0,0,,,,,0
e41c6fd3,arc1_eval,13x23,y,,1,0,claude_agent_batch_004_v2_direct_write:1,,,,0
e45ef808,arc2_train,12x12,y,,0,0,,,,,0
e4888269,arc2_train,10x20,y,,1,0,claude_agent_batch_012_v2_direct_write:1,,,,0
e48d4e1a,arc1_train,10x10,y,,1,0,claude_agent_batch_010_v2_direct_write:1,,,,0
e4941b18,arc2_train,9x9,y,,0,0,,,,,0
e5062a87,arc1_train,10x10,y,,1,0,claude_agent_batch_009_v2_direct_write:1,,,,0
e509e548,arc1_train,19x21,y,,1,0,claude_agent_R1:1,,recolor_shapes_by_junction_type,recolor_shapes_by_junction_type.py,0
e50d258f,arc1_train,10x10,n,,0,0,,,,,0
e57337a4,arc1_eval,15x15,n,,0,0,,,,,0
e5790162,arc1_eval,6x6,y,,1,0,claude_agent_batch_021_v2_direct_write:1,,,,0
e5c44e8f,arc1_eval,11x11,y,,0,0,,,,,0
e619ca6e,arc1_eval,29x29,y,,0,0,,,,,0
e633a9e5,arc1_eval,3x3,n,,0,0,,,,,0
e66aafb8,arc1_eval,24x24,n,,0,0,,,,,0
e6721834,arc1_train,30x17,n,,0,0,,,,,0
e681b708,arc1_eval,27x23,y,,0,0,,,,,0
e69241bd,arc1_eval,9x9,y,,0,0,,,,,0
e6de6e8f,arc1_eval,2x12,n,,0,0,,,,,0
e729b7be,arc2_train,17x17,y,,1,0,claude_agent_batch_027_v2_direct_write:1,,,,0
e73095fd,arc1_train,12x19,y,,0,0,,,,,0
e734a0e8,arc2_train,23x23,y,,1,0,claude_agent_batch_012_v2_direct_write:1,,,,0
e74e1818,arc1_eval,13x13,y,,1,0,claude_agent_batch_030_v2_direct_write:1,,,,0
e760a62e,arc1_eval,22x22,y,,1,0,claude_agent_batch_002_v2_direct_write:1,,,,0
e7639916,arc1_eval,10x20,y,,1,0,claude_agent_batch_014_v2_direct_write:1,,,,0
e76a88a6,arc1_train,10x10,y,,1,0,claude_agent_batch_035_v2_direct_write:1,,,,0
e78887d1,arc1_eval,13x11,n,,0,0,,,,,0
e7a25a18,arc1_eval,14x14,n,,0,0,,,,,0
e7b06bea,arc1_eval,5x5,y,,1,0,claude_agent_batch_034_v2_direct_write:1,,,,0
e7dd8335,arc1_eval,7x7,y,,0,0,,,,,0
e84fef15,arc2_train,29x29,n,,0,0,,,,,0
e8593010,arc1_train,10x10,y,,1,0,claude_agent_batch_008_v2_direct_write:1,,,,0
e8686506,arc2_eval,13x13,n,y,0,0,,,,,0
e87109e9,arc2_eval,25x24,n,y,0,0,,,,,0
e872b94a,arc1_eval,12x12,n,,0,0,,,,,0
e88171ec,arc1_eval,19x19,y,,1,0,claude_agent_batch_023_v2_direct_write:1,,,,0
e8dc4411,arc1_train,12x14,y,,0,0,,,,,0
e95e3d8e,arc1_eval,22x22,y,,0,0,,,,,0
e9614598,arc1_train,10x10,y,,1,0,claude_agent_batch_005_v2_direct_write:1,,,,0
e98196ab,arc1_train,11x11,n,,0,0,,,,,0
e99362f0,arc1_eval,11x9,n,,0,0,,,,,0
e9ac8c9e,arc1_eval,10x10,y,,0,0,,,,,0
e9afcf9a,arc1_train,2x6,y,,0,0,,,,,0
e9b4f6fc,arc1_eval,13x13,n,,0,0,,,,,0
e9bb6954,arc1_eval,17x18,y,,0,0,,,,,0
e9c9d9a1,arc1_eval,19x12,y,,1,0,claude_agent_batch_025_v2_direct_write:1,,,,0
e9fc42f2,arc2_train,13x13,n,,0,0,,,,,0
ea32f347,arc1_train,10x10,y,,0,0,,,,,0
ea786f4a,arc1_train,3x3,y,,0,0,,,,,0
ea959feb,arc1_eval,22x25,y,,0,0,,,,,0
ea9794b1,arc1_eval,10x10,n,,0,0,,,,,0
eb281b96,arc1_train,3x17,n,,0,0,,,,,0
eb5a1d5d,arc1_train,23x27,n,,0,0,,,,,0
ec883f72,arc1_train,6x6,y,,1,0,claude_agent_batch_028_v2_direct_write:1,,,,0
ecaa0ec1,arc1_eval,12x10,y,,0,0,,,,,0
ecb67b6d,arc2_train,6x8,y,,1,0,claude_agent_batch_011_v2_direct_write:1,,,,0
ecdecbb3,arc1_train,13x13,y,,1,0,claude_agent_batch_025_v2_direct_write:1,,,,0
ed36ccf7,arc1_train,3x3,y,,1,0,claude_agent_batch_005_v2_direct_write:1,,,,0
ed74f2f2,arc1_eval,5x9,n,,0,0,,,,,0
ed98d772,arc1_eval,3x3,n,,0,0,,,,,0
edb79dae,arc2_eval,23x24,n,y,0,0,,,,,0
edcc2ff0,arc2_train,20x10,y,,1,0,claude_agent_batch_002_v2_direct_write:1,,,,0
eee78d87,arc2_eval,6x6,n,y,0,0,,,,,0
ef135b50,arc1_train,10x10,y,,1,0,claude_agent_batch_026_v2_direct_write:1,,,,0
ef26cbf6,arc1_eval,7x11,y,,0,0,,,,,0
f0100645,arc2_train,10x10,y,,1,0,claude_agent_batch_011_v2_direct_write:1,,,,0
f0afb749,arc1_eval,5x5,n,,0,0,,,,,0
f0df5ff0,arc1_eval,15x15,y,,1,0,claude_agent_batch_021_v2_direct_write:1,,,,0
f0f8a26d,arc2_train,9x9,y,,0,0,,,,,0
f15e1fac,arc1_train,17x12,y,,0,0,,,,,0
f18ec8cc,arc2_train,9x14,y,,1,0,claude_agent_batch_033_v2_direct_write:1,,,,0
f1bcbc2c,arc2_train,10x10,y,,1,0,claude_agent_batch_004_v2_direct_write:1,,,,0
f1cefba8,arc1_train,19x13,y,,0,0,,,,,0
f21745ec,arc1_eval,19x19,y,,0,0,,,,,0
f25fbde4,arc1_train,9x9,n,,0,0,,,,,0
f25ffba3,arc1_train,10x4,y,,0,0,,,,,0
f2829549,arc1_train,4x7,n,,0,0,,,,,0
f28a3cbb,arc2_train,9x9,y,,0,0,,,,,0
f341894c,arc2_train,10x10,y,,1,0,claude_agent_batch_002_v2_direct_write:1,,,,0
f35d900a,arc1_train,14x14,y,,0,0,,,,,0
f3b10344,arc1_eval,30x30,y,,0,0,,,,,0
f3cdc58f,arc1_eval,10x10,y,,0,0,,,,,0
f3e14006,arc2_train,12x12,y,,1,0,claude_agent_batch_019_v2_direct_write:1,,,,0
f3e62deb,arc1_eval,10x10,y,,1,9,claude_agent_R1_v2_full_puzzle:1,qwen-2.5-7b-instruct:9,slide_shape_to_edge_by_color,slide_shape_to_edge_by_color.py,9
f4081712,arc1_eval,24x24,n,,0,0,,,,,0
f45f5ca7,arc1_eval,10x10,y,,1,0,claude_agent_batch_005_v2_direct_write:1,,,,0
f560132c,arc2_eval,20x20,n,y,0,0,,,,,0
f5aa3634,arc1_eval,10x13,n,,0,0,,,,,0
f5b8619d,arc1_train,3x3,n,,0,0,,,,,0
f5c89df1,arc1_eval,13x13,y,,1,0,claude_agent_batch_023_v2_direct_write:1,,,,0
f76d97a5,arc1_train,3x3,y,,1,0,claude_agent_batch_020_v2_direct_write:1,,,,0
f823c43c,arc1_eval,15x19,y,,1,0,claude_agent_batch_002_v2_direct_write:1,,,,0
f83cb3f6,arc1_eval,17x10,y,,0,0,,,,,0
f8a8fe49,arc1_train,15x15,y,,1,0,claude_agent_batch_002_v2_direct_write:1,,,,0
f8b3ba0a,arc1_train,13x13,n,,0,0,,,,,0
f8be4b64,arc1_eval,30x30,y,,1,0,claude_agent_batch_031_v2_direct_write:1,,,,0
f8c80d96,arc1_train,10x10,y,,0,0,,,,,0
f8cc533f,arc2_train,19x19,y,,1,0,claude_agent_batch_026_v2_direct_write:1,,,,0
f8f52ecc,arc2_train,10x10,y,,1,0,claude_agent_batch_033_v2_direct_write:1,,,,0
f8ff0b80,arc1_train,12x12,n,,0,0,,,,,0
f9012d9b,arc1_train,5x5,n,,0,0,,,,,0
f931b4a8,arc2_eval,8x8,n,y,0,0,,,,,0
f9a67cb5,arc1_eval,11x17,y,,0,0,,,,,0
f9d67f8b,arc1_eval,30x30,y,,0,0,,,,,0
faa9f03d,arc2_eval,12x12,y,y,0,0,,,,,0
fafd9572,arc1_eval,12x18,y,,0,0,,,,,0
fafffa47,arc1_train,6x3,n,,0,0,,,,,0
fb791726,arc1_eval,6x6,n,,0,0,,,,,0
fbf15a0b,arc2_train,20x20,n,,0,0,,,,,0
fc10701f,arc2_train,12x12,y,,0,0,,,,,0
fc4aaf52,arc2_train,16x16,y,,1,0,claude_agent_batch_004_v2_direct_write:1,,,,0
fc754716,arc1_eval,3x3,y,,0,0,,,,,0
fc7cae8d,arc2_eval,22x22,n,y,0,0,,,,,0
fcb5c309,arc1_train,13x13,n,,0,0,,,,,0
fcc82909,arc1_train,10x10,y,,0,0,,,,,0
fd02da9e,arc2_train,8x8,y,,1,0,claude_agent_batch_017_v2_direct_write:1,,,,0
fd096ab6,arc1_eval,22x22,y,,1,0,claude_agent_batch_012_v2_direct_write:1,,,,0
fd4b2b02,arc1_eval,23x23,y,,0,0,,,,,0
fe45cba4,arc2_train,8x8,y,,1,0,claude_agent_batch_020_v2_direct_write:1,,,,0
fe9372f3,arc1_eval,12x10,y,,1,0,claude_agent_R1:1,,extend_plus_axes_and_diagonals,extend_plus_axes_and_diagonals.py,0
fea12743,arc1_eval,16x11,y,,0,0,,,,,0
feca6190,arc1_train,1x5,n,,0,0,,,,,0
ff2825db,arc2_train,10x10,y,,1,0,claude_agent_batch_008_v2_direct_write:1,,,,0
ff28f65a,arc1_train,5x5,n,,0,0,,,,,0
ff72ca3e,arc1_eval,12x10,y,,0,0,,,,,0
ff805c23,arc1_train,24x24,n,,0,0,,,,,0
